employee_id,age,gender,department,remote_days,tenure_years,manager,training_group,leadership_1,leadership_2,leadership_3,leadership_4_reverse,engagement_1,engagement_2,engagement_3,engagement_4_reverse,role_clarity_1,role_clarity_2,role_clarity_3,role_clarity_4,workload,organizational_support,job_satisfaction,performance,burnout,turnover_intention
E010001,54,Man,Operations,3,3.5,No,Training,2.0,2.0,1.0,4.0,3.0,1.0,1.0,3.0,3.0,1.0,1.0,4.0,3.72,6.0,4.86,42.4,39.5,2.44
E010002,22,Woman,Finance,4,1.8,No,Training,2.0,2.0,1.0,3.0,1.0,1.0,1.0,4.0,1.0,1.0,1.0,2.0,5.47,3.29,1.96,51.6,56.8,6.16
E010003,31,Non-binary / prefer not to say,HR,3,5.6,No,Control,5.0,4.0,2.0,4.0,3.0,4.0,2.0,4.0,2.0,3.0,1.0,3.0,4.57,3.56,3.79,51.1,52.6,5.15
E010004,36,Man,Technology,4,2.4,No,Control,4.0,2.0,2.0,3.0,5.0,4.0,4.0,2.0,4.0,1.0,4.0,4.0,2.69,3.59,4.07,60.6,45.1,2.31
E010005,37,Woman,Technology,3,12.2,No,Control,5.0,5.0,4.0,1.0,3.0,5.0,4.0,2.0,3.0,2.0,4.0,3.0,4.68,3.86,4.52,62.2,44.9,3.67
E010006,45,Man,Finance,2,1.3,No,Control,2.0,2.0,1.0,2.0,5.0,5.0,5.0,1.0,2.0,3.0,4.0,5.0,1.77,4.91,7.0,55.6,29.3,3.1
E010007,39,Woman,Marketing,0,2.7,No,Training,3.0,2.0,3.0,3.0,5.0,4.0,5.0,1.0,2.0,3.0,2.0,1.0,2.67,3.65,5.9,50.9,30.7,2.83
E010008,38,Woman,Finance,0,1.9,Yes,Control,5.0,4.0,4.0,2.0,4.0,5.0,4.0,2.0,5.0,5.0,4.0,3.0,4.81,4.66,6.34,61.8,43.4,2.55
E010009,32,Woman,Operations,1,2.9,No,Control,5.0,5.0,3.0,1.0,1.0,1.0,3.0,3.0,2.0,2.0,1.0,3.0,6.35,4.96,2.77,39.1,50.3,3.75
E010010,47,Man,Operations,0,7.2,Yes,Control,2.0,1.0,1.0,5.0,1.0,2.0,1.0,4.0,1.0,1.0,1.0,1.0,3.52,2.68,2.19,49.1,41.7,4.21
E010011,22,Woman,Finance,2,9.1,Yes,Control,4.0,4.0,1.0,4.0,5.0,4.0,3.0,,3.0,1.0,2.0,2.0,2.64,3.53,4.8,56.3,35.8,3.26
E010012,41,Man,HR,3,1.5,Yes,Training,5.0,4.0,5.0,2.0,4.0,4.0,2.0,3.0,5.0,5.0,5.0,5.0,2.94,4.5,5.09,61.1,28.9,3.4
E010013,50,Non-binary / prefer not to say,Marketing,5,4.3,No,Training,3.0,3.0,1.0,4.0,1.0,2.0,2.0,4.0,2.0,5.0,3.0,3.0,5.07,3.99,,48.8,47.4,4.08
E010014,25,Woman,Finance,4,3.0,Yes,Control,4.0,5.0,3.0,1.0,5.0,3.0,2.0,2.0,5.0,5.0,5.0,5.0,4.96,4.75,4.82,55.9,52.3,4.36
E010015,47,Man,Marketing,3,3.4,No,Control,3.0,3.0,1.0,2.0,3.0,4.0,4.0,3.0,3.0,2.0,3.0,3.0,2.98,3.68,4.53,52.1,43.5,4.66
E010016,44,Woman,Operations,2,2.6,No,Training,3.0,3.0,3.0,3.0,1.0,1.0,1.0,5.0,1.0,1.0,2.0,2.0,3.66,4.01,2.06,38.1,42.3,5.4
E010017,46,Man,Operations,4,2.6,No,Control,2.0,2.0,3.0,5.0,3.0,2.0,3.0,2.0,4.0,3.0,1.0,4.0,4.25,4.13,2.73,48.3,49.1,5.0
E010018,42,Man,Technology,0,5.8,No,Training,3.0,1.0,4.0,3.0,1.0,2.0,2.0,4.0,3.0,2.0,2.0,2.0,3.62,4.9,3.68,43.7,32.7,4.68
E010019,46,Woman,Finance,1,5.0,No,Control,5.0,4.0,5.0,3.0,3.0,5.0,3.0,3.0,5.0,4.0,3.0,3.0,4.85,4.56,3.53,56.1,54.9,3.72
E010020,32,Man,Finance,2,2.3,No,Training,1.0,1.0,1.0,5.0,1.0,1.0,1.0,3.0,2.0,1.0,2.0,2.0,3.49,3.61,2.95,45.8,51.7,4.98
E010021,41,Man,Operations,3,2.1,No,Control,1.0,2.0,1.0,4.0,3.0,3.0,2.0,4.0,1.0,,4.0,1.0,4.37,2.57,2.19,42.5,47.0,4.89
E010022,43,Woman,Operations,0,0.9,No,Training,3.0,2.0,2.0,5.0,4.0,2.0,2.0,2.0,5.0,4.0,4.0,4.0,4.14,4.91,5.36,60.9,36.1,2.63
E010023,52,Woman,HR,0,5.8,No,Control,5.0,5.0,2.0,3.0,3.0,3.0,3.0,2.0,4.0,3.0,4.0,4.0,3.37,5.35,5.08,55.3,38.1,1.0
E010024,47,Woman,Operations,4,8.3,Yes,Control,5.0,5.0,5.0,1.0,5.0,5.0,4.0,1.0,1.0,4.0,2.0,3.0,2.76,4.92,4.99,48.4,32.9,2.81
E010025,45,Woman,Operations,3,1.4,No,Control,4.0,3.0,5.0,3.0,5.0,3.0,4.0,2.0,2.0,2.0,4.0,1.0,1.83,4.07,5.96,48.9,29.2,1.85
E010026,31,Man,Operations,0,1.9,No,Control,2.0,2.0,2.0,3.0,1.0,2.0,1.0,5.0,2.0,2.0,3.0,1.0,5.94,2.99,3.02,31.0,72.1,4.86
E010027,43,Man,Marketing,3,10.4,No,Control,2.0,3.0,1.0,2.0,2.0,2.0,1.0,5.0,2.0,1.0,1.0,1.0,4.01,4.31,4.62,49.3,42.8,4.25
E010028,37,Man,Finance,1,4.0,No,Training,2.0,4.0,1.0,4.0,4.0,2.0,1.0,3.0,2.0,3.0,2.0,2.0,3.6,4.0,3.18,52.7,46.8,5.83
E010029,27,Woman,Operations,2,6.0,No,Control,3.0,2.0,2.0,2.0,1.0,2.0,2.0,5.0,2.0,3.0,2.0,3.0,5.27,4.11,3.49,41.3,57.7,3.4
E010030,45,Non-binary / prefer not to say,Operations,5,3.2,No,Control,4.0,,4.0,1.0,4.0,5.0,4.0,2.0,5.0,,4.0,4.0,3.82,2.13,4.34,61.9,50.1,5.23
E010031,47,Woman,Technology,3,3.9,Yes,Training,4.0,3.0,3.0,1.0,3.0,5.0,5.0,4.0,3.0,3.0,2.0,5.0,3.09,3.6,3.51,69.5,41.3,5.31
E010032,54,Woman,Technology,3,5.2,No,Training,5.0,4.0,3.0,1.0,2.0,3.0,2.0,3.0,4.0,4.0,2.0,5.0,4.73,5.82,3.93,55.5,37.5,5.33
E010033,30,Non-binary / prefer not to say,HR,0,17.3,No,Training,3.0,1.0,3.0,3.0,5.0,3.0,5.0,1.0,3.0,2.0,2.0,1.0,3.27,2.85,4.69,60.2,49.0,2.95
E010034,40,Woman,Finance,3,9.4,No,Control,5.0,2.0,3.0,1.0,3.0,3.0,4.0,4.0,1.0,2.0,2.0,3.0,4.41,4.32,3.01,48.1,45.7,5.12
E010035,30,Man,Finance,4,2.6,No,Training,4.0,4.0,5.0,2.0,3.0,4.0,4.0,1.0,4.0,4.0,2.0,3.0,3.3,3.27,5.48,46.7,33.1,2.48
E010036,30,Man,Technology,4,1.5,No,Training,1.0,1.0,1.0,5.0,1.0,1.0,1.0,5.0,2.0,3.0,1.0,3.0,5.02,3.33,2.77,33.0,58.5,4.59
E010037,29,Man,Operations,4,0.8,No,Training,3.0,2.0,1.0,5.0,3.0,4.0,2.0,4.0,4.0,4.0,3.0,4.0,5.17,2.23,2.42,51.1,54.6,5.37
E010038,38,Woman,Operations,2,5.3,No,Control,1.0,1.0,2.0,3.0,5.0,3.0,5.0,1.0,1.0,1.0,1.0,2.0,3.57,2.82,3.34,54.5,35.3,4.71
E010039,29,Man,Technology,4,7.3,No,Control,3.0,2.0,2.0,5.0,2.0,4.0,4.0,5.0,3.0,4.0,3.0,4.0,4.24,3.62,5.79,48.9,44.0,2.79
E010040,51,Woman,Technology,2,3.9,No,Control,2.0,4.0,3.0,3.0,5.0,5.0,5.0,1.0,5.0,5.0,4.0,5.0,3.87,3.83,5.62,55.6,39.4,2.34
E010041,54,Woman,Operations,3,6.3,No,Control,5.0,4.0,3.0,2.0,5.0,5.0,5.0,2.0,3.0,2.0,1.0,2.0,4.84,2.64,3.89,46.2,51.1,3.59
E010042,41,Man,Finance,4,3.9,No,Training,4.0,5.0,3.0,2.0,5.0,2.0,3.0,5.0,3.0,3.0,3.0,3.0,5.64,3.6,3.61,40.2,53.6,5.46
E010043,46,Man,Operations,0,4.4,Yes,Training,3.0,3.0,3.0,3.0,4.0,3.0,2.0,4.0,5.0,4.0,4.0,4.0,4.6,4.18,5.27,53.5,45.8,3.37
E010044,32,Man,Technology,2,5.2,No,Control,3.0,5.0,4.0,2.0,3.0,1.0,1.0,4.0,3.0,4.0,4.0,4.0,5.53,3.38,3.25,43.7,54.1,6.21
E010045,36,Woman,Operations,3,1.1,No,Training,2.0,1.0,2.0,1.0,4.0,5.0,3.0,1.0,2.0,4.0,3.0,5.0,4.27,4.62,4.45,55.9,39.4,2.7
E010046,48,Man,Technology,3,5.4,Yes,Training,3.0,2.0,2.0,3.0,4.0,1.0,2.0,3.0,2.0,4.0,2.0,3.0,3.9,2.54,3.22,50.9,48.5,5.46
E010047,48,Woman,HR,1,2.1,No,Control,3.0,3.0,5.0,4.0,4.0,4.0,2.0,2.0,2.0,2.0,2.0,2.0,4.77,3.81,4.44,50.6,50.2,3.41
E010048,29,Man,Operations,3,2.8,No,Training,2.0,3.0,1.0,5.0,3.0,3.0,3.0,3.0,2.0,4.0,3.0,3.0,2.45,3.38,3.71,62.5,34.6,5.21
E010049,32,Woman,Finance,1,6.1,Yes,Control,3.0,4.0,4.0,2.0,2.0,2.0,3.0,5.0,2.0,3.0,2.0,2.0,4.14,3.94,3.71,54.7,50.6,4.26
E010050,46,Man,Technology,2,7.2,Yes,Control,4.0,4.0,3.0,2.0,4.0,4.0,4.0,3.0,5.0,5.0,5.0,5.0,1.71,4.05,5.85,63.3,38.3,3.11
E010051,31,Woman,Marketing,3,0.7,No,Training,3.0,3.0,4.0,3.0,4.0,3.0,5.0,2.0,4.0,2.0,1.0,2.0,4.26,3.4,3.44,45.0,43.9,3.74
E010052,34,Man,HR,0,1.6,No,Training,3.0,1.0,1.0,4.0,3.0,2.0,2.0,3.0,2.0,2.0,2.0,1.0,2.51,3.61,4.92,43.0,35.3,3.4
E010053,40,Woman,Operations,3,4.1,No,Control,5.0,5.0,5.0,1.0,4.0,5.0,3.0,2.0,4.0,5.0,4.0,4.0,4.01,6.22,4.64,56.9,34.7,1.73
E010054,26,Woman,Marketing,0,0.5,No,Control,2.0,1.0,3.0,4.0,3.0,1.0,3.0,2.0,2.0,2.0,2.0,1.0,3.52,3.89,3.59,38.2,44.5,4.64
E010055,45,Woman,Marketing,4,2.1,No,Control,2.0,1.0,2.0,4.0,5.0,4.0,5.0,2.0,3.0,4.0,3.0,5.0,2.86,4.77,6.47,53.2,29.6,3.3
E010056,25,Woman,Marketing,3,3.8,No,Training,2.0,4.0,3.0,4.0,1.0,3.0,,3.0,2.0,2.0,2.0,1.0,4.35,2.88,3.21,55.6,59.3,4.98
E010057,32,Woman,Technology,4,2.8,No,Control,1.0,1.0,3.0,3.0,4.0,5.0,4.0,2.0,4.0,4.0,4.0,4.0,2.86,3.05,4.58,57.3,40.0,3.06
E010058,35,Man,HR,1,4.5,Yes,Training,4.0,3.0,5.0,1.0,5.0,5.0,5.0,1.0,5.0,5.0,5.0,5.0,5.1,4.7,5.05,62.9,49.3,4.06
E010059,33,Man,Marketing,5,6.3,No,Training,2.0,3.0,5.0,4.0,3.0,3.0,4.0,3.0,4.0,2.0,2.0,3.0,4.16,3.9,3.9,45.8,46.5,4.72
E010060,59,Woman,Marketing,3,2.5,Yes,Training,3.0,1.0,1.0,5.0,2.0,3.0,2.0,4.0,1.0,1.0,3.0,4.0,3.35,4.14,4.19,67.5,30.6,4.21
E010061,36,Man,Marketing,4,3.1,No,Training,1.0,2.0,1.0,5.0,3.0,3.0,4.0,3.0,3.0,3.0,4.0,4.0,3.6,3.19,4.49,52.6,49.1,4.32
E010062,34,Woman,Operations,5,6.2,No,Training,4.0,4.0,5.0,4.0,3.0,4.0,4.0,4.0,3.0,5.0,4.0,5.0,3.61,4.22,3.94,67.6,47.4,3.97
E010063,30,Man,Technology,3,5.2,No,Control,3.0,2.0,1.0,2.0,4.0,2.0,2.0,2.0,5.0,4.0,5.0,4.0,5.09,4.16,3.75,50.4,63.8,4.37
E010064,54,Woman,Marketing,2,6.5,No,Control,2.0,2.0,2.0,3.0,2.0,1.0,2.0,3.0,3.0,4.0,3.0,3.0,4.68,4.91,5.05,43.8,41.2,2.2
E010065,35,Woman,Finance,4,4.0,Yes,Control,5.0,5.0,5.0,1.0,5.0,4.0,5.0,1.0,4.0,4.0,5.0,4.0,3.45,4.65,4.4,56.8,34.9,3.7
E010066,28,Woman,Operations,0,10.2,No,Control,5.0,5.0,4.0,4.0,2.0,4.0,2.0,1.0,1.0,2.0,3.0,3.0,5.95,4.23,4.46,45.6,56.0,4.87
E010067,40,Woman,Operations,1,6.3,Yes,Training,5.0,4.0,5.0,1.0,4.0,5.0,5.0,2.0,1.0,3.0,1.0,2.0,3.21,6.0,5.21,84.6,42.6,2.52
E010068,41,Woman,Finance,2,12.5,No,Control,4.0,5.0,4.0,1.0,5.0,5.0,5.0,2.0,3.0,3.0,3.0,4.0,3.38,3.3,3.65,58.1,44.1,4.99
E010069,28,Man,Operations,4,3.3,Yes,Training,5.0,5.0,5.0,1.0,5.0,4.0,5.0,1.0,4.0,2.0,1.0,1.0,4.46,3.45,4.93,50.3,47.2,3.59
E010070,37,Man,Technology,3,2.0,No,Training,4.0,4.0,2.0,3.0,3.0,3.0,3.0,2.0,5.0,5.0,5.0,4.0,4.54,3.93,4.0,54.8,46.2,4.76
E010071,46,Woman,Finance,2,1.9,No,Training,2.0,,1.0,3.0,1.0,1.0,1.0,5.0,1.0,1.0,2.0,1.0,4.77,3.48,2.04,35.8,56.7,3.68
E010072,33,Man,Finance,1,4.8,Yes,Training,5.0,4.0,4.0,1.0,5.0,5.0,5.0,1.0,4.0,4.0,3.0,4.0,4.14,5.63,4.77,63.1,33.8,2.36
E010073,46,Woman,Finance,4,1.4,No,Training,4.0,5.0,2.0,2.0,3.0,4.0,4.0,1.0,4.0,3.0,5.0,5.0,4.11,6.99,5.33,58.6,28.7,4.36
E010074,36,Woman,Finance,0,7.5,No,Training,2.0,3.0,3.0,4.0,1.0,1.0,1.0,5.0,3.0,3.0,3.0,3.0,4.19,2.77,1.65,47.9,54.4,5.34
E010075,36,Man,Technology,2,10.1,Yes,Control,5.0,5.0,4.0,2.0,3.0,4.0,4.0,2.0,4.0,4.0,5.0,4.0,4.91,2.84,3.51,51.4,47.7,4.97
E010076,34,Man,Technology,3,3.1,No,Control,4.0,5.0,5.0,2.0,4.0,5.0,5.0,3.0,4.0,5.0,3.0,3.0,5.97,2.66,3.39,53.5,67.6,4.86
E010077,24,Man,Technology,3,9.3,No,Control,4.0,3.0,3.0,2.0,3.0,3.0,3.0,4.0,5.0,4.0,5.0,5.0,4.12,4.22,5.39,62.2,47.1,3.53
E010078,35,Woman,HR,1,9.5,No,Control,1.0,3.0,3.0,4.0,3.0,4.0,3.0,3.0,1.0,2.0,2.0,2.0,3.56,4.09,4.31,49.7,47.9,3.54
E010079,33,Non-binary / prefer not to say,Marketing,2,5.0,Yes,Control,3.0,3.0,3.0,3.0,2.0,1.0,1.0,4.0,4.0,5.0,3.0,5.0,4.1,4.09,2.75,43.0,40.2,4.67
E010080,22,Woman,HR,3,2.1,No,Training,2.0,2.0,2.0,3.0,1.0,5.0,4.0,4.0,4.0,3.0,3.0,3.0,4.83,3.39,3.31,53.6,52.8,6.02
E010081,39,Woman,Technology,3,0.7,No,Training,1.0,5.0,3.0,3.0,5.0,4.0,4.0,2.0,4.0,2.0,5.0,2.0,4.39,5.72,5.12,64.0,47.7,2.54
E010082,39,Woman,Operations,2,9.2,Yes,Control,4.0,2.0,3.0,5.0,1.0,3.0,3.0,3.0,2.0,2.0,3.0,1.0,4.63,3.43,2.79,43.5,44.6,4.54
E010083,33,Man,Operations,0,2.6,No,Control,4.0,5.0,5.0,1.0,4.0,4.0,5.0,1.0,2.0,,1.0,2.0,3.38,4.67,4.51,55.5,45.2,3.05
E010084,34,Man,HR,1,1.4,Yes,Control,1.0,1.0,3.0,5.0,1.0,1.0,1.0,5.0,3.0,3.0,3.0,4.0,4.62,3.59,3.24,39.0,58.9,4.4
E010085,34,Woman,Finance,5,1.2,No,Training,2.0,3.0,5.0,1.0,3.0,2.0,2.0,4.0,2.0,1.0,1.0,1.0,4.95,1.9,3.96,57.3,57.4,4.76
E010086,47,Woman,Technology,0,4.2,No,Training,1.0,1.0,1.0,5.0,2.0,1.0,1.0,4.0,1.0,2.0,2.0,1.0,2.98,3.47,3.33,50.5,25.0,2.81
E010087,38,Woman,Marketing,2,11.7,Yes,Control,1.0,1.0,1.0,4.0,2.0,1.0,1.0,4.0,5.0,2.0,4.0,2.0,2.55,3.1,2.22,57.3,27.0,2.97
E010088,30,Man,Marketing,2,9.3,No,Control,4.0,3.0,4.0,3.0,5.0,5.0,5.0,2.0,2.0,3.0,1.0,3.0,4.13,5.46,3.74,51.4,47.3,3.21
E010089,25,Woman,Finance,3,3.5,Yes,Training,5.0,3.0,5.0,1.0,5.0,5.0,5.0,1.0,4.0,4.0,5.0,4.0,3.21,4.5,5.71,69.3,35.4,3.24
E010090,26,Woman,Marketing,2,2.1,Yes,Training,2.0,2.0,4.0,2.0,5.0,4.0,5.0,1.0,4.0,4.0,2.0,4.0,3.52,3.03,4.76,65.2,41.7,3.48
E010091,42,Man,HR,2,10.2,No,Control,3.0,3.0,3.0,3.0,2.0,2.0,2.0,5.0,3.0,3.0,3.0,4.0,4.6,5.35,2.42,38.2,47.5,6.33
E010092,26,Man,Finance,3,1.6,No,Control,5.0,5.0,5.0,1.0,3.0,4.0,4.0,1.0,1.0,2.0,1.0,1.0,3.95,6.2,4.92,50.6,38.0,2.72
E010093,35,Man,HR,3,3.8,Yes,Control,2.0,1.0,2.0,4.0,2.0,2.0,1.0,4.0,3.0,3.0,2.0,2.0,5.41,2.65,2.57,44.5,53.1,6.69
E010094,44,Man,HR,2,7.7,No,Control,5.0,3.0,3.0,3.0,4.0,5.0,5.0,1.0,5.0,5.0,4.0,5.0,3.8,5.15,4.81,62.1,34.5,4.46
E010095,41,Woman,HR,3,8.2,No,Control,4.0,3.0,4.0,3.0,4.0,4.0,4.0,2.0,4.0,4.0,3.0,4.0,5.11,4.62,5.13,49.7,44.0,3.69
E010096,41,Man,Operations,5,10.5,Yes,Control,5.0,5.0,4.0,1.0,5.0,5.0,4.0,2.0,5.0,5.0,3.0,5.0,5.02,5.06,3.91,48.3,44.4,3.81
E010097,39,Woman,Operations,2,1.4,Yes,Control,4.0,3.0,5.0,2.0,3.0,2.0,1.0,3.0,3.0,4.0,4.0,3.0,3.28,3.85,2.16,47.4,48.6,4.46
E010098,35,Woman,Finance,2,5.0,Yes,Training,1.0,1.0,1.0,4.0,2.0,4.0,3.0,3.0,4.0,4.0,5.0,5.0,2.53,3.85,4.96,36.0,46.2,3.79
E010099,50,Man,Marketing,5,8.7,No,Training,3.0,2.0,2.0,5.0,4.0,3.0,4.0,2.0,4.0,4.0,3.0,4.0,2.94,3.87,4.33,62.1,26.4,2.72
E010100,38,Man,HR,4,5.4,Yes,Training,4.0,5.0,5.0,1.0,5.0,5.0,4.0,2.0,5.0,5.0,3.0,5.0,2.4,4.55,4.63,63.7,40.6,3.21
E010101,44,Man,Technology,3,4.6,Yes,Training,3.0,3.0,4.0,4.0,1.0,1.0,3.0,5.0,1.0,1.0,2.0,3.0,4.82,3.7,3.05,47.8,63.9,5.87
E010102,27,Man,HR,0,8.4,No,Control,3.0,1.0,1.0,2.0,3.0,3.0,2.0,2.0,5.0,4.0,3.0,2.0,3.17,3.9,4.9,50.0,36.5,4.29
E010103,34,Man,Finance,3,5.4,No,Training,4.0,2.0,4.0,5.0,3.0,3.0,3.0,4.0,2.0,1.0,2.0,1.0,4.93,3.75,3.96,41.4,54.4,3.78
E010104,41,Man,HR,4,4.5,No,Training,5.0,5.0,4.0,1.0,5.0,5.0,4.0,1.0,5.0,5.0,4.0,4.0,3.19,3.63,4.86,60.7,41.9,3.0
E010105,42,Woman,Technology,2,8.8,Yes,Training,5.0,5.0,5.0,1.0,3.0,5.0,3.0,1.0,5.0,5.0,2.0,4.0,2.78,3.72,5.85,66.3,34.2,2.11
E010106,27,Man,Technology,2,8.5,No,Training,1.0,3.0,3.0,5.0,4.0,5.0,2.0,2.0,3.0,5.0,3.0,5.0,3.68,3.78,3.54,54.7,38.5,3.36
E010107,40,Man,Operations,3,4.9,No,Training,2.0,1.0,3.0,5.0,2.0,3.0,3.0,4.0,1.0,2.0,1.0,1.0,2.52,4.08,3.31,61.7,39.7,4.01
E010108,35,Man,Marketing,1,5.0,No,Training,5.0,5.0,5.0,1.0,5.0,5.0,5.0,1.0,5.0,4.0,4.0,5.0,4.81,4.19,5.88,62.3,48.6,3.57
E010109,41,Woman,Marketing,3,4.8,No,Control,3.0,2.0,3.0,2.0,2.0,3.0,3.0,3.0,2.0,4.0,1.0,2.0,4.54,4.31,3.96,53.3,40.3,3.8
E010110,26,Man,Technology,1,1.7,No,Training,5.0,5.0,5.0,1.0,3.0,4.0,4.0,2.0,3.0,3.0,5.0,4.0,4.88,5.32,3.96,52.5,37.4,2.97
E010111,56,Woman,Technology,3,4.9,No,Control,3.0,2.0,2.0,3.0,3.0,4.0,2.0,4.0,3.0,1.0,3.0,3.0,1.8,3.77,4.08,50.1,21.0,3.71
E010112,42,Man,Technology,4,6.3,No,Training,2.0,2.0,2.0,3.0,4.0,3.0,4.0,2.0,5.0,4.0,4.0,5.0,5.06,3.85,3.15,58.8,62.7,4.81
E010113,50,Woman,Operations,2,4.7,No,Control,2.0,4.0,3.0,2.0,3.0,4.0,4.0,5.0,3.0,5.0,5.0,4.0,2.59,2.79,4.59,51.5,24.1,3.99
E010114,44,Woman,Operations,2,4.0,No,Training,3.0,4.0,2.0,2.0,3.0,4.0,4.0,5.0,3.0,2.0,4.0,4.0,5.37,3.87,3.43,51.4,54.5,5.43
E010115,37,Man,HR,2,2.9,No,Control,1.0,1.0,2.0,5.0,1.0,2.0,1.0,5.0,2.0,4.0,3.0,3.0,3.18,3.06,2.76,43.7,44.0,5.02
E010116,49,Man,Operations,4,2.6,No,Training,1.0,1.0,2.0,4.0,4.0,1.0,1.0,2.0,1.0,1.0,1.0,2.0,3.79,4.13,4.57,48.0,45.2,1.8
E010117,34,Woman,Operations,3,3.4,No,Control,1.0,1.0,1.0,5.0,2.0,4.0,1.0,4.0,1.0,1.0,1.0,3.0,3.79,3.62,4.44,46.6,43.9,2.57
E010118,42,Man,Operations,3,6.4,No,Training,4.0,1.0,1.0,3.0,1.0,5.0,3.0,4.0,1.0,3.0,2.0,1.0,3.59,4.44,4.61,51.4,40.7,3.2
E010119,29,Woman,Operations,2,4.0,Yes,Control,3.0,3.0,3.0,5.0,3.0,1.0,1.0,5.0,2.0,3.0,1.0,2.0,3.96,3.65,4.83,38.6,50.0,4.24
E010120,46,Woman,Technology,1,17.7,Yes,Training,3.0,3.0,4.0,3.0,2.0,2.0,3.0,4.0,3.0,,2.0,1.0,3.9,4.71,4.45,46.0,35.7,3.16
E010121,40,Woman,Finance,2,4.2,Yes,Training,5.0,4.0,3.0,1.0,4.0,5.0,5.0,1.0,4.0,5.0,2.0,3.0,4.9,3.35,4.02,63.2,63.3,4.35
E010122,47,Man,Technology,0,2.9,Yes,Control,3.0,2.0,3.0,5.0,4.0,2.0,,3.0,3.0,1.0,3.0,2.0,4.37,3.45,4.02,68.2,49.9,3.02
E010123,37,Man,Marketing,5,10.0,No,Training,5.0,3.0,4.0,1.0,5.0,4.0,1.0,2.0,1.0,2.0,1.0,1.0,3.05,5.05,4.98,46.8,32.7,3.65
E010124,37,Woman,Marketing,5,5.4,No,Control,2.0,2.0,1.0,5.0,3.0,4.0,2.0,4.0,2.0,4.0,5.0,5.0,3.75,3.72,4.01,47.0,48.2,4.9
E010125,39,Woman,Marketing,0,6.2,Yes,Training,4.0,4.0,4.0,2.0,4.0,4.0,4.0,2.0,3.0,2.0,2.0,3.0,2.7,5.88,4.7,60.9,34.8,1.97
E010126,31,Man,Marketing,4,0.5,No,Training,4.0,1.0,2.0,4.0,3.0,2.0,3.0,3.0,3.0,1.0,2.0,1.0,4.58,3.3,4.13,52.9,50.4,5.62
E010127,25,Woman,Finance,0,1.6,No,Control,5.0,5.0,5.0,1.0,5.0,5.0,5.0,1.0,5.0,5.0,3.0,5.0,4.76,5.47,5.35,59.1,31.2,2.69
E010128,22,Man,Marketing,3,4.7,No,Training,5.0,4.0,3.0,3.0,5.0,4.0,4.0,1.0,3.0,2.0,3.0,3.0,3.33,4.02,4.91,61.6,37.3,3.52
E010129,43,Man,Technology,1,10.1,Yes,Training,4.0,5.0,2.0,2.0,5.0,4.0,4.0,3.0,5.0,3.0,2.0,3.0,3.57,4.67,3.86,68.2,35.0,4.11
E010130,50,Man,Operations,4,11.2,No,Control,2.0,3.0,1.0,3.0,4.0,1.0,2.0,4.0,2.0,2.0,2.0,3.0,4.78,1.87,3.49,62.1,51.5,4.35
E010131,48,Man,Operations,3,5.8,No,Control,3.0,4.0,3.0,3.0,2.0,5.0,5.0,4.0,1.0,2.0,2.0,4.0,4.96,4.7,4.04,56.1,47.7,4.75
E010132,30,Man,Technology,3,4.4,No,Training,5.0,5.0,5.0,1.0,5.0,4.0,5.0,1.0,2.0,4.0,4.0,3.0,4.97,3.46,3.79,59.9,59.8,4.45
E010133,22,Woman,Finance,0,3.0,No,Control,1.0,3.0,3.0,2.0,1.0,1.0,1.0,5.0,1.0,3.0,1.0,3.0,4.59,3.74,2.6,42.5,56.3,4.71
E010134,39,Woman,Marketing,2,2.8,No,Training,3.0,2.0,2.0,5.0,1.0,2.0,2.0,2.0,2.0,3.0,1.0,3.0,5.48,4.11,3.34,40.4,46.7,7.0
E010135,44,Man,HR,0,3.2,Yes,Training,2.0,5.0,1.0,1.0,4.0,4.0,5.0,3.0,3.0,4.0,2.0,4.0,3.48,4.37,4.57,71.1,49.1,3.87
E010136,38,Man,HR,2,4.3,No,Training,2.0,3.0,4.0,2.0,3.0,2.0,5.0,4.0,3.0,5.0,4.0,4.0,3.02,4.32,4.29,58.9,36.6,2.57
E010137,25,Woman,Operations,3,5.8,No,Control,3.0,3.0,3.0,3.0,5.0,2.0,2.0,2.0,5.0,5.0,4.0,5.0,3.91,4.78,4.32,50.5,31.9,2.49
E010138,44,Man,Operations,2,4.3,No,Training,3.0,3.0,4.0,2.0,4.0,2.0,2.0,1.0,2.0,1.0,3.0,1.0,5.78,4.47,4.22,40.9,62.0,5.44
E010139,30,Man,Operations,1,13.2,Yes,Control,5.0,5.0,5.0,2.0,1.0,2.0,2.0,3.0,1.0,1.0,1.0,1.0,5.78,3.45,2.95,32.4,65.8,4.5
E010140,43,Woman,Operations,3,4.7,No,Control,2.0,2.0,2.0,3.0,4.0,4.0,2.0,4.0,2.0,4.0,3.0,1.0,2.39,3.13,4.09,49.5,34.5,2.89
E010141,46,Woman,Operations,2,8.1,No,Control,5.0,4.0,4.0,1.0,3.0,1.0,5.0,3.0,2.0,2.0,1.0,2.0,5.24,4.88,5.61,48.0,47.9,3.7
E010142,28,Man,Operations,4,11.7,No,Training,1.0,1.0,1.0,5.0,1.0,2.0,1.0,4.0,1.0,1.0,1.0,1.0,3.4,2.24,2.33,48.0,45.5,5.33
E010143,43,Man,HR,3,1.5,No,Control,2.0,3.0,3.0,3.0,2.0,2.0,1.0,3.0,3.0,2.0,4.0,2.0,2.51,5.02,4.1,49.2,40.9,3.83
E010144,59,Man,Marketing,1,3.1,No,Training,2.0,2.0,3.0,3.0,2.0,2.0,3.0,3.0,3.0,2.0,4.0,4.0,4.19,2.95,3.14,52.3,49.3,4.28
E010145,49,Woman,Finance,3,3.7,Yes,Training,2.0,2.0,2.0,5.0,2.0,2.0,1.0,4.0,3.0,2.0,3.0,3.0,1.16,4.66,4.25,57.5,22.7,3.61
E010146,32,Man,Marketing,2,16.2,No,Control,5.0,4.0,5.0,3.0,4.0,4.0,4.0,1.0,5.0,5.0,3.0,5.0,3.31,4.73,5.1,64.1,49.7,4.31
E010147,49,Man,Finance,4,4.0,Yes,Control,4.0,4.0,4.0,3.0,3.0,4.0,4.0,3.0,3.0,4.0,3.0,1.0,4.11,3.43,4.44,60.6,43.7,3.73
E010148,35,Man,Marketing,5,7.8,No,Control,2.0,3.0,1.0,4.0,3.0,3.0,1.0,2.0,3.0,3.0,2.0,1.0,3.26,3.37,2.45,57.2,45.4,4.99
E010149,49,Woman,Finance,2,5.8,No,Control,2.0,2.0,3.0,3.0,4.0,5.0,,2.0,3.0,4.0,2.0,3.0,3.65,4.72,4.71,52.8,40.1,3.21
E010150,49,Man,Operations,1,15.1,Yes,Training,2.0,2.0,4.0,3.0,5.0,4.0,4.0,1.0,5.0,3.0,3.0,4.0,3.49,3.57,5.97,57.3,40.5,1.57
E010151,32,Man,Operations,4,7.4,Yes,Control,1.0,1.0,1.0,5.0,2.0,4.0,3.0,4.0,3.0,3.0,3.0,2.0,4.24,5.02,5.01,45.0,28.7,2.06
E010152,27,Man,Operations,3,1.5,Yes,Training,1.0,1.0,1.0,5.0,1.0,1.0,1.0,5.0,2.0,1.0,1.0,1.0,4.2,3.43,3.41,40.1,52.0,4.43
E010153,32,Man,Operations,3,0.5,No,Training,2.0,3.0,3.0,5.0,4.0,2.0,4.0,4.0,3.0,1.0,3.0,1.0,3.66,3.86,3.05,53.9,54.4,4.68
E010154,51,Man,Operations,4,7.9,No,Training,5.0,4.0,5.0,1.0,3.0,2.0,2.0,,5.0,5.0,5.0,5.0,4.48,6.11,5.26,57.7,47.9,2.71
E010155,27,Man,Marketing,0,1.9,No,Training,1.0,2.0,2.0,5.0,1.0,1.0,1.0,5.0,1.0,2.0,1.0,1.0,4.79,4.77,3.92,44.6,45.4,3.82
E010156,36,Man,Technology,0,13.7,Yes,Training,4.0,2.0,3.0,3.0,5.0,4.0,5.0,1.0,4.0,3.0,3.0,2.0,2.51,3.76,5.04,66.5,28.6,2.42
E010157,42,Man,Marketing,2,6.3,No,Training,1.0,2.0,1.0,5.0,2.0,2.0,2.0,5.0,3.0,4.0,2.0,3.0,3.29,3.45,3.71,45.2,44.8,4.2
E010158,24,Woman,Operations,2,7.4,No,Control,5.0,5.0,4.0,2.0,3.0,1.0,1.0,4.0,4.0,4.0,2.0,5.0,5.83,6.21,3.96,50.7,26.5,3.3
E010159,39,Man,Technology,3,7.0,No,Training,5.0,3.0,2.0,2.0,5.0,5.0,4.0,3.0,2.0,1.0,2.0,3.0,5.65,4.55,3.88,44.3,47.4,3.91
E010160,47,Woman,Marketing,2,7.8,No,Control,3.0,5.0,5.0,1.0,3.0,5.0,4.0,3.0,2.0,4.0,4.0,1.0,3.05,3.11,6.09,58.7,50.2,3.83
E010161,44,Man,Finance,1,4.3,No,Training,4.0,3.0,4.0,2.0,5.0,4.0,5.0,1.0,2.0,1.0,4.0,3.0,3.77,3.85,3.44,58.8,34.7,3.43
E010162,26,Woman,Operations,2,3.1,No,Control,2.0,2.0,1.0,3.0,2.0,3.0,3.0,2.0,2.0,1.0,2.0,2.0,2.75,4.3,3.49,56.9,32.4,3.63
E010163,40,Man,Operations,2,2.9,Yes,Control,5.0,3.0,5.0,2.0,4.0,3.0,3.0,1.0,2.0,3.0,3.0,2.0,4.61,3.5,5.63,48.6,49.5,4.18
E010164,23,Man,Operations,4,8.7,No,Training,3.0,3.0,5.0,2.0,3.0,4.0,2.0,2.0,4.0,3.0,4.0,3.0,5.49,3.63,3.64,57.6,54.5,4.34
E010165,30,Woman,Operations,0,6.9,No,Training,5.0,4.0,4.0,3.0,4.0,5.0,5.0,1.0,5.0,5.0,4.0,5.0,2.49,4.17,5.7,86.4,32.5,3.11
E010166,44,Man,Technology,2,7.1,No,Training,1.0,1.0,1.0,5.0,1.0,1.0,1.0,5.0,1.0,1.0,2.0,2.0,3.68,2.78,2.77,40.2,34.8,5.17
E010167,55,Man,Technology,4,2.6,No,Training,3.0,2.0,3.0,4.0,5.0,4.0,5.0,1.0,5.0,4.0,3.0,4.0,3.0,1.7,4.53,56.9,48.3,4.23
E010168,24,Woman,Technology,2,5.1,Yes,Training,2.0,2.0,4.0,3.0,2.0,2.0,3.0,2.0,2.0,4.0,2.0,3.0,4.04,3.88,3.52,48.5,49.0,5.02
E010169,25,Man,Technology,3,1.4,Yes,Training,5.0,4.0,5.0,2.0,5.0,3.0,5.0,1.0,3.0,2.0,3.0,1.0,5.15,4.8,3.58,45.7,55.7,5.03
E010170,38,Man,Technology,2,2.0,No,Training,3.0,3.0,4.0,4.0,2.0,5.0,4.0,3.0,1.0,2.0,2.0,1.0,2.51,4.37,4.51,48.2,32.6,3.32
E010171,28,Woman,Operations,4,5.1,No,Control,3.0,3.0,5.0,1.0,3.0,4.0,4.0,2.0,5.0,4.0,4.0,4.0,3.73,4.52,4.76,74.7,42.7,4.07
E010172,22,Woman,Operations,0,1.0,Yes,Control,2.0,2.0,2.0,3.0,3.0,4.0,5.0,2.0,4.0,2.0,2.0,5.0,2.18,4.27,5.51,56.2,36.7,3.3
E010173,50,Man,Marketing,3,1.4,No,Training,2.0,2.0,3.0,5.0,1.0,1.0,2.0,4.0,2.0,1.0,1.0,1.0,4.39,4.48,3.75,46.7,41.3,5.19
E010174,50,Man,Technology,1,1.0,Yes,Control,5.0,3.0,4.0,2.0,2.0,2.0,1.0,4.0,3.0,3.0,2.0,5.0,5.16,4.09,2.67,61.4,58.5,5.21
E010175,45,Man,Marketing,0,3.7,No,Control,5.0,5.0,4.0,1.0,5.0,4.0,5.0,2.0,5.0,5.0,4.0,4.0,3.67,6.19,5.01,63.6,22.5,4.01
E010176,32,Woman,Marketing,2,6.2,Yes,Training,2.0,2.0,3.0,4.0,5.0,5.0,5.0,1.0,4.0,4.0,2.0,2.0,2.51,5.48,6.45,65.5,27.6,1.0
E010177,51,Woman,Technology,3,7.4,No,Control,5.0,4.0,5.0,1.0,5.0,4.0,4.0,3.0,2.0,5.0,3.0,3.0,3.08,5.06,4.87,54.8,31.6,3.2
E010178,55,Woman,Operations,2,1.5,No,Control,5.0,3.0,5.0,2.0,2.0,3.0,3.0,4.0,4.0,5.0,4.0,5.0,4.5,4.98,3.34,54.2,41.1,4.41
E010179,25,Man,Technology,0,3.8,No,Training,5.0,4.0,5.0,3.0,4.0,5.0,4.0,1.0,3.0,5.0,4.0,4.0,4.16,5.29,4.26,65.9,40.4,4.29
E010180,28,Man,Finance,2,11.4,No,Training,2.0,2.0,1.0,,1.0,2.0,1.0,3.0,1.0,2.0,2.0,4.0,3.76,4.15,2.02,41.5,38.7,3.94
E010181,22,Non-binary / prefer not to say,Technology,2,4.1,No,Training,4.0,4.0,3.0,3.0,1.0,2.0,2.0,3.0,2.0,2.0,3.0,3.0,4.79,3.74,3.14,44.1,55.7,5.56
E010182,41,Man,Marketing,5,1.2,Yes,Training,2.0,2.0,3.0,3.0,2.0,2.0,4.0,4.0,4.0,3.0,2.0,3.0,4.73,4.32,2.89,58.9,41.2,4.08
E010183,28,Man,Operations,4,11.2,No,Training,3.0,3.0,4.0,2.0,2.0,3.0,3.0,3.0,2.0,1.0,1.0,1.0,2.28,4.95,4.66,62.0,28.4,3.06
E010184,22,Man,Finance,2,2.3,No,Training,1.0,1.0,3.0,5.0,4.0,2.0,4.0,3.0,3.0,2.0,2.0,3.0,3.88,3.81,3.24,50.4,37.3,4.57
E010185,33,Woman,Marketing,4,3.0,No,Training,4.0,3.0,2.0,2.0,4.0,4.0,4.0,2.0,3.0,4.0,5.0,4.0,3.9,4.61,4.6,61.4,44.4,4.69
E010186,39,Woman,Technology,5,2.8,No,Training,1.0,1.0,1.0,5.0,3.0,4.0,3.0,2.0,5.0,5.0,5.0,5.0,3.74,2.02,,51.6,53.0,5.6
E010187,34,Man,Marketing,5,4.5,No,Control,1.0,2.0,2.0,2.0,3.0,3.0,4.0,2.0,2.0,2.0,2.0,3.0,3.44,2.93,4.6,,47.7,4.35
E010188,38,Man,Technology,2,9.2,No,Control,5.0,3.0,5.0,,3.0,3.0,2.0,3.0,2.0,4.0,4.0,3.0,5.5,4.27,2.95,72.6,50.0,3.62
E010189,24,Man,Marketing,3,3.3,Yes,Training,4.0,4.0,1.0,3.0,3.0,3.0,4.0,1.0,3.0,2.0,4.0,3.0,3.23,3.54,4.74,64.0,41.1,3.57
E010190,29,Woman,Operations,2,18.5,No,Control,4.0,1.0,1.0,5.0,3.0,2.0,1.0,5.0,4.0,4.0,5.0,4.0,4.66,3.45,1.0,42.8,44.2,6.65
E010191,40,Man,Marketing,4,8.8,No,Training,3.0,1.0,3.0,2.0,4.0,4.0,2.0,1.0,3.0,5.0,3.0,3.0,3.03,2.97,4.45,51.5,27.0,3.96
E010192,34,Woman,Operations,3,2.2,Yes,Training,4.0,3.0,4.0,3.0,2.0,2.0,3.0,3.0,5.0,5.0,5.0,4.0,3.94,3.85,3.87,65.3,41.8,4.7
E010193,36,Woman,Operations,1,14.7,No,Training,2.0,1.0,1.0,5.0,2.0,1.0,,4.0,1.0,3.0,2.0,2.0,3.65,4.67,3.63,52.9,41.0,3.54
E010194,41,Woman,Technology,5,4.2,No,Training,5.0,4.0,5.0,2.0,2.0,2.0,3.0,3.0,3.0,4.0,3.0,5.0,1.8,4.98,4.87,58.9,37.4,4.24
E010195,33,Man,Technology,5,5.4,No,Control,3.0,3.0,5.0,1.0,3.0,5.0,3.0,4.0,2.0,2.0,1.0,2.0,4.11,4.25,2.99,62.2,55.0,4.58
E010196,36,Woman,Marketing,3,2.1,No,Control,4.0,5.0,5.0,3.0,3.0,3.0,4.0,1.0,3.0,4.0,4.0,3.0,4.83,4.61,,62.1,37.9,3.33
E010197,51,Man,Marketing,4,4.5,No,Control,3.0,2.0,2.0,3.0,2.0,2.0,2.0,3.0,4.0,4.0,4.0,4.0,3.72,4.92,5.29,,52.0,3.52
E010198,23,Man,Finance,3,8.4,No,Training,3.0,4.0,2.0,,3.0,2.0,3.0,3.0,3.0,2.0,4.0,2.0,2.51,3.52,3.29,54.1,31.7,5.36
E010199,39,Man,Finance,2,1.8,No,Training,5.0,5.0,5.0,1.0,5.0,5.0,5.0,3.0,2.0,4.0,3.0,4.0,3.97,5.32,5.31,64.2,26.4,1.62
E010200,40,Man,Technology,4,6.5,Yes,Training,1.0,3.0,1.0,5.0,1.0,2.0,1.0,5.0,1.0,2.0,1.0,1.0,5.31,2.77,1.0,45.3,64.0,6.09
E010201,43,Man,Technology,3,2.9,No,Training,4.0,5.0,5.0,1.0,5.0,4.0,4.0,1.0,3.0,2.0,3.0,1.0,5.95,3.98,4.69,63.2,62.7,3.8
E010202,54,Man,Operations,1,2.3,No,Training,3.0,1.0,1.0,5.0,3.0,2.0,4.0,5.0,3.0,3.0,2.0,3.0,5.7,3.39,2.99,60.8,59.3,4.94
E010203,52,Woman,Operations,3,7.3,No,Control,4.0,1.0,5.0,3.0,2.0,2.0,3.0,5.0,1.0,2.0,2.0,2.0,3.57,4.23,1.24,38.5,42.2,4.74
E010204,44,Man,Finance,3,2.8,No,Control,3.0,4.0,4.0,,5.0,4.0,4.0,2.0,2.0,3.0,3.0,4.0,5.03,3.69,4.0,61.3,50.5,3.55
E010205,22,Man,Operations,2,7.7,No,Training,2.0,2.0,3.0,4.0,2.0,4.0,1.0,1.0,3.0,2.0,2.0,2.0,4.8,4.3,3.18,57.0,43.4,4.59
E010206,39,Woman,Finance,2,4.1,Yes,Control,2.0,5.0,3.0,3.0,5.0,3.0,4.0,1.0,3.0,3.0,4.0,3.0,4.21,5.53,5.08,42.4,36.4,3.74
E010207,27,Woman,Finance,2,4.9,Yes,Training,2.0,1.0,1.0,4.0,1.0,1.0,1.0,4.0,1.0,3.0,2.0,3.0,4.18,3.24,3.68,52.3,63.4,3.38
E010208,37,Man,HR,2,2.6,Yes,Control,4.0,5.0,3.0,1.0,1.0,2.0,2.0,2.0,3.0,4.0,5.0,2.0,2.73,4.34,3.64,72.4,33.4,4.8
E010209,39,Man,Finance,2,1.1,Yes,Control,2.0,3.0,3.0,2.0,4.0,3.0,2.0,3.0,1.0,1.0,1.0,1.0,4.43,3.23,4.27,37.3,38.5,2.77
E010210,29,Woman,Technology,2,2.6,No,Training,5.0,5.0,3.0,2.0,1.0,2.0,3.0,2.0,2.0,1.0,2.0,1.0,4.14,3.53,4.18,38.2,52.8,4.28
E010211,36,Woman,Operations,2,5.3,No,Control,3.0,3.0,3.0,3.0,5.0,2.0,3.0,3.0,3.0,4.0,2.0,5.0,4.52,3.22,4.06,60.0,56.7,3.87
E010212,48,Woman,Operations,5,7.6,Yes,Control,4.0,3.0,5.0,2.0,5.0,3.0,3.0,2.0,5.0,3.0,5.0,3.0,4.84,4.98,3.71,64.2,39.0,2.76
E010213,38,Woman,Finance,3,3.4,No,Control,3.0,1.0,1.0,4.0,3.0,2.0,1.0,4.0,1.0,4.0,1.0,1.0,4.06,3.6,3.38,60.5,49.4,5.25
E010214,30,Man,Marketing,3,4.3,No,Control,4.0,3.0,5.0,4.0,5.0,3.0,4.0,,3.0,3.0,5.0,2.0,3.16,2.37,3.89,58.2,39.4,3.75
E010215,25,Woman,Marketing,4,3.1,No,Training,4.0,4.0,4.0,2.0,5.0,5.0,4.0,1.0,4.0,4.0,5.0,5.0,2.75,4.84,5.61,,40.6,2.87
E010216,23,Woman,Marketing,0,0.5,Yes,Control,4.0,2.0,2.0,4.0,3.0,3.0,3.0,4.0,5.0,4.0,4.0,5.0,4.7,3.74,3.29,46.1,43.6,4.91
E010217,32,Man,Operations,2,4.8,No,Control,3.0,2.0,3.0,4.0,1.0,3.0,1.0,4.0,3.0,4.0,3.0,3.0,5.65,5.27,3.13,34.7,55.9,5.66
E010218,40,Man,HR,1,8.1,Yes,Control,3.0,3.0,3.0,4.0,2.0,1.0,3.0,3.0,3.0,1.0,2.0,2.0,3.56,3.4,3.67,46.5,48.3,3.85
E010219,33,Woman,Technology,4,0.5,No,Training,1.0,4.0,3.0,5.0,1.0,1.0,2.0,5.0,3.0,1.0,3.0,1.0,3.28,3.44,3.79,43.5,38.2,4.18
E010220,28,Non-binary / prefer not to say,Marketing,3,5.4,No,Control,1.0,2.0,1.0,5.0,3.0,5.0,4.0,2.0,2.0,3.0,4.0,4.0,2.53,2.55,4.05,42.5,48.5,5.49
E010221,60,Woman,Operations,0,2.8,No,Training,1.0,1.0,1.0,5.0,3.0,1.0,2.0,3.0,4.0,4.0,4.0,4.0,4.2,3.35,3.1,59.3,52.1,4.29
E010222,22,Man,Finance,3,3.1,No,Control,1.0,2.0,1.0,5.0,2.0,1.0,1.0,5.0,1.0,1.0,1.0,2.0,1.8,5.69,3.01,41.8,30.2,5.1
E010223,42,Man,Technology,2,1.5,No,Training,4.0,2.0,4.0,4.0,1.0,2.0,2.0,4.0,2.0,2.0,4.0,5.0,5.21,5.17,3.38,50.8,33.7,4.27
E010224,44,Man,Operations,2,7.1,No,Training,1.0,2.0,2.0,5.0,1.0,1.0,1.0,5.0,1.0,1.0,1.0,1.0,4.97,4.64,2.91,37.5,61.6,4.54
E010225,29,Man,Marketing,3,6.4,No,Training,2.0,2.0,3.0,5.0,5.0,5.0,5.0,2.0,3.0,3.0,3.0,1.0,3.33,5.53,5.0,56.6,39.5,1.9
E010226,50,Woman,Operations,1,3.3,No,Training,1.0,2.0,1.0,5.0,2.0,2.0,1.0,5.0,5.0,3.0,5.0,5.0,3.58,3.01,3.41,53.8,50.5,3.2
E010227,26,Woman,Operations,3,5.3,No,Training,3.0,3.0,2.0,4.0,3.0,3.0,4.0,2.0,3.0,3.0,3.0,4.0,4.59,2.99,3.37,57.6,50.6,5.22
E010228,48,Woman,HR,1,11.1,No,Training,2.0,3.0,3.0,2.0,1.0,1.0,3.0,4.0,1.0,1.0,1.0,1.0,6.13,2.93,2.39,47.4,61.1,5.17
E010229,45,Man,Operations,5,1.9,Yes,Training,3.0,3.0,1.0,5.0,1.0,2.0,3.0,5.0,2.0,1.0,5.0,2.0,3.49,3.56,3.45,44.6,44.9,5.08
E010230,38,Man,Technology,4,4.8,No,Control,4.0,4.0,4.0,3.0,4.0,3.0,3.0,2.0,1.0,2.0,2.0,2.0,3.57,3.83,3.73,46.8,37.5,3.6
E010231,36,Woman,Operations,5,1.3,No,Training,4.0,4.0,4.0,4.0,1.0,3.0,3.0,4.0,5.0,4.0,5.0,4.0,3.62,3.65,3.29,56.8,49.2,5.33
E010232,33,Man,HR,3,6.2,No,Control,2.0,4.0,3.0,1.0,4.0,4.0,4.0,3.0,4.0,4.0,4.0,2.0,3.47,3.57,5.23,59.7,46.4,3.55
E010233,47,Woman,Operations,5,4.4,Yes,Control,2.0,3.0,2.0,5.0,4.0,1.0,4.0,3.0,5.0,3.0,4.0,3.0,3.96,2.73,3.94,44.5,51.5,4.35
E010234,32,Man,HR,4,5.2,No,Training,5.0,5.0,5.0,1.0,5.0,5.0,5.0,1.0,5.0,2.0,4.0,2.0,2.63,5.18,5.86,67.8,28.3,2.75
E010235,60,Man,Technology,4,8.9,Yes,Training,2.0,1.0,3.0,4.0,2.0,2.0,3.0,4.0,3.0,4.0,4.0,4.0,6.15,3.89,3.03,57.0,52.7,4.74
E010236,47,Woman,Finance,3,4.8,No,Control,5.0,5.0,4.0,3.0,4.0,5.0,3.0,,4.0,3.0,5.0,2.0,4.12,4.96,4.05,43.9,35.4,4.62
E010237,45,Man,Finance,4,7.9,No,Training,1.0,1.0,1.0,5.0,1.0,1.0,1.0,4.0,3.0,1.0,3.0,3.0,4.46,2.7,1.92,46.4,48.3,4.35
E010238,40,Man,Technology,3,6.5,No,Training,4.0,4.0,2.0,3.0,5.0,4.0,5.0,1.0,1.0,1.0,2.0,1.0,3.34,3.52,5.19,58.2,48.2,2.82
E010239,47,Woman,Operations,3,7.4,No,Control,1.0,1.0,3.0,4.0,3.0,4.0,5.0,3.0,4.0,4.0,5.0,5.0,3.68,3.06,5.03,42.6,56.3,3.29
E010240,36,Man,Technology,3,7.6,No,Control,3.0,3.0,3.0,4.0,2.0,4.0,4.0,4.0,5.0,4.0,4.0,5.0,4.43,4.42,3.69,49.2,43.9,4.8
E010241,40,Man,HR,3,1.3,No,Control,2.0,4.0,3.0,2.0,3.0,4.0,5.0,3.0,5.0,2.0,4.0,4.0,2.99,3.49,6.11,58.9,37.3,1.85
E010242,58,Man,Operations,2,9.2,No,Control,2.0,3.0,3.0,2.0,3.0,3.0,3.0,2.0,3.0,1.0,3.0,3.0,4.23,4.55,3.78,55.4,40.7,2.92
E010243,31,Woman,Finance,3,1.6,Yes,Control,3.0,2.0,3.0,3.0,2.0,1.0,4.0,3.0,2.0,3.0,3.0,4.0,4.89,4.83,4.99,47.2,43.9,2.72
E010244,29,Woman,Operations,1,1.8,No,Control,1.0,1.0,1.0,5.0,1.0,2.0,1.0,4.0,4.0,5.0,2.0,5.0,6.61,2.61,2.49,36.4,69.0,6.03
E010245,47,Woman,Marketing,2,1.8,No,Training,3.0,3.0,2.0,5.0,4.0,4.0,4.0,3.0,2.0,4.0,5.0,2.0,5.59,3.1,3.29,62.1,62.2,5.49
E010246,44,Man,HR,3,8.9,No,Control,2.0,3.0,2.0,4.0,3.0,3.0,2.0,4.0,4.0,4.0,3.0,3.0,4.89,3.07,3.87,61.7,51.8,3.86
E010247,37,Woman,Operations,2,2.9,No,Control,4.0,,1.0,3.0,5.0,3.0,3.0,3.0,3.0,3.0,2.0,1.0,4.11,3.44,4.37,55.8,55.0,3.69
E010248,36,Woman,Technology,0,2.1,Yes,Control,2.0,3.0,2.0,2.0,2.0,3.0,2.0,3.0,2.0,2.0,5.0,4.0,4.87,4.48,3.11,49.2,45.0,4.71
E010249,30,Woman,Technology,3,3.3,Yes,Training,3.0,4.0,2.0,2.0,2.0,1.0,2.0,3.0,4.0,4.0,1.0,5.0,6.01,3.74,4.1,59.5,61.4,4.07
E010250,42,Man,Operations,2,12.6,No,Training,1.0,1.0,1.0,5.0,1.0,1.0,1.0,5.0,2.0,2.0,1.0,1.0,3.33,3.17,2.29,41.1,50.8,4.84
E010251,39,Non-binary / prefer not to say,Technology,1,6.9,No,Training,3.0,3.0,2.0,2.0,4.0,4.0,4.0,2.0,3.0,4.0,3.0,5.0,4.42,4.85,3.15,50.3,37.3,3.87
E010252,40,Woman,Technology,5,6.3,Yes,Training,1.0,5.0,3.0,4.0,4.0,2.0,2.0,3.0,2.0,2.0,2.0,3.0,4.88,2.21,3.17,52.1,77.2,4.82
E010253,56,Man,Technology,3,16.2,No,Training,1.0,2.0,1.0,5.0,3.0,3.0,4.0,3.0,5.0,5.0,5.0,3.0,4.03,2.78,4.1,52.4,48.5,3.31
E010254,36,Woman,Finance,4,2.6,No,Control,1.0,1.0,1.0,5.0,1.0,3.0,3.0,4.0,3.0,3.0,3.0,2.0,4.52,4.55,2.85,43.0,42.6,4.51
E010255,54,Woman,Technology,0,5.6,No,Training,1.0,1.0,1.0,5.0,3.0,5.0,3.0,3.0,5.0,2.0,2.0,1.0,3.69,2.42,4.67,58.2,37.2,3.0
E010256,43,Man,Technology,3,10.7,No,Control,5.0,5.0,5.0,1.0,5.0,5.0,5.0,2.0,2.0,1.0,4.0,3.0,3.44,3.92,4.96,70.2,51.2,3.37
E010257,45,Woman,Technology,5,11.1,No,Control,2.0,2.0,1.0,5.0,2.0,3.0,2.0,3.0,1.0,1.0,1.0,2.0,3.6,4.1,3.99,52.4,42.9,3.76
E010258,40,Woman,Technology,2,8.5,No,Training,3.0,1.0,1.0,5.0,3.0,2.0,4.0,2.0,5.0,2.0,2.0,3.0,2.6,3.81,3.33,55.9,36.8,3.61
E010259,33,Woman,Operations,0,9.9,Yes,Training,1.0,1.0,2.0,4.0,2.0,3.0,2.0,2.0,4.0,3.0,5.0,4.0,4.21,2.72,3.66,41.9,53.3,5.86
E010260,24,Man,Finance,5,5.2,No,Control,3.0,4.0,4.0,3.0,5.0,5.0,4.0,1.0,3.0,5.0,5.0,4.0,3.45,5.52,4.8,66.9,23.8,2.57
E010261,44,Woman,Marketing,1,4.4,No,Training,2.0,3.0,2.0,3.0,3.0,1.0,3.0,4.0,3.0,3.0,3.0,3.0,4.75,5.48,4.14,49.7,46.0,3.8
E010262,35,Woman,Technology,0,5.2,No,Control,2.0,1.0,1.0,4.0,4.0,3.0,5.0,3.0,4.0,3.0,2.0,3.0,3.85,2.69,3.82,57.8,49.6,4.2
E010263,58,Woman,Finance,1,8.7,No,Training,1.0,1.0,1.0,5.0,2.0,2.0,3.0,4.0,2.0,1.0,1.0,4.0,3.82,1.91,3.53,33.3,50.0,4.21
E010264,48,Man,Operations,1,1.5,No,Control,3.0,4.0,4.0,2.0,3.0,4.0,3.0,3.0,2.0,3.0,1.0,3.0,4.23,5.06,4.58,42.1,35.9,2.86
E010265,33,Man,Marketing,0,2.7,No,Control,2.0,4.0,2.0,3.0,3.0,2.0,4.0,1.0,2.0,4.0,4.0,3.0,3.81,4.5,3.99,54.3,34.0,2.21
E010266,43,Woman,Finance,3,4.8,No,Control,4.0,5.0,4.0,2.0,3.0,2.0,4.0,2.0,2.0,4.0,4.0,3.0,3.86,3.88,,69.5,48.0,3.34
E010267,53,Woman,HR,2,9.8,No,Training,2.0,1.0,1.0,2.0,2.0,1.0,2.0,4.0,1.0,3.0,3.0,2.0,4.83,4.0,3.25,,44.2,3.08
E010268,46,Woman,Marketing,4,2.7,No,Control,5.0,5.0,5.0,2.0,1.0,2.0,1.0,4.0,1.0,1.0,1.0,2.0,5.74,4.08,3.58,29.7,58.5,3.46
E010269,49,Man,Operations,2,7.7,Yes,Control,4.0,3.0,2.0,3.0,4.0,2.0,2.0,4.0,4.0,4.0,2.0,4.0,4.06,4.15,4.94,49.7,44.5,3.58
E010270,27,Man,Operations,3,11.1,No,Control,4.0,3.0,4.0,3.0,4.0,4.0,3.0,2.0,3.0,4.0,4.0,2.0,4.65,3.7,,52.7,49.1,3.58
E010271,24,Man,Operations,3,6.3,Yes,Training,5.0,5.0,4.0,1.0,5.0,4.0,2.0,1.0,4.0,5.0,4.0,4.0,3.91,6.1,4.75,53.3,32.3,1.85
E010272,44,Woman,Operations,4,2.8,No,Training,1.0,1.0,1.0,5.0,1.0,1.0,1.0,5.0,1.0,1.0,1.0,2.0,3.82,3.38,3.8,47.4,43.6,4.49
E010273,43,Man,Marketing,0,2.7,No,Training,1.0,1.0,2.0,5.0,5.0,4.0,4.0,2.0,5.0,2.0,4.0,4.0,3.53,3.51,4.43,53.5,48.1,5.09
E010274,28,Man,Technology,2,4.8,Yes,Training,3.0,5.0,4.0,5.0,3.0,4.0,3.0,3.0,5.0,4.0,5.0,5.0,4.78,4.58,4.88,72.7,45.9,3.55
E010275,36,Woman,Finance,1,2.7,No,Training,4.0,5.0,5.0,1.0,4.0,5.0,5.0,2.0,5.0,4.0,5.0,4.0,3.62,5.85,4.43,65.5,47.6,3.98
E010276,32,Woman,Technology,2,6.2,No,Training,5.0,5.0,5.0,1.0,2.0,2.0,2.0,5.0,1.0,,1.0,1.0,3.85,5.3,4.04,,25.8,4.76
E010277,41,Woman,Technology,1,7.0,No,Control,4.0,3.0,4.0,2.0,4.0,5.0,5.0,2.0,2.0,3.0,2.0,2.0,3.12,3.1,3.83,64.4,41.9,5.73
E010278,38,Woman,Operations,4,5.4,No,Training,5.0,5.0,5.0,1.0,3.0,5.0,5.0,1.0,5.0,5.0,4.0,5.0,3.64,4.68,5.25,62.5,30.3,2.69
E010279,22,Man,HR,1,3.0,No,Training,2.0,2.0,2.0,5.0,2.0,4.0,3.0,2.0,1.0,2.0,1.0,2.0,4.06,2.17,3.49,50.7,46.3,5.12
E010280,28,Woman,Technology,2,1.1,Yes,Training,3.0,4.0,3.0,1.0,2.0,3.0,5.0,2.0,3.0,3.0,1.0,2.0,3.09,4.52,3.95,55.8,43.6,3.52
E010281,43,Man,Technology,1,10.5,No,Control,1.0,1.0,1.0,4.0,2.0,1.0,1.0,5.0,2.0,2.0,3.0,2.0,3.75,4.87,3.02,47.9,42.2,2.95
E010282,49,Woman,Technology,2,0.8,Yes,Control,1.0,1.0,1.0,4.0,1.0,2.0,1.0,5.0,1.0,3.0,3.0,2.0,5.13,4.7,4.51,53.0,46.0,3.56
E010283,40,Woman,Operations,3,2.6,No,Training,4.0,5.0,4.0,3.0,5.0,4.0,2.0,1.0,3.0,5.0,4.0,4.0,1.75,4.64,6.16,57.7,30.3,1.78
E010284,28,Man,Operations,5,3.3,No,Control,1.0,1.0,1.0,5.0,3.0,2.0,3.0,1.0,3.0,1.0,1.0,4.0,3.52,3.32,2.64,44.7,25.6,4.34
E010285,49,Man,HR,2,1.8,Yes,Training,1.0,4.0,2.0,4.0,1.0,1.0,2.0,5.0,4.0,4.0,3.0,4.0,5.66,4.63,3.25,53.9,55.1,4.9
E010286,43,Man,Technology,3,3.7,No,Training,1.0,1.0,1.0,5.0,2.0,1.0,2.0,4.0,2.0,3.0,1.0,1.0,3.04,1.67,2.02,47.0,39.9,4.06
E010287,45,Woman,Operations,3,8.3,No,Control,3.0,1.0,2.0,4.0,3.0,4.0,4.0,1.0,5.0,3.0,2.0,2.0,4.2,2.56,4.82,62.5,57.1,4.42
E010288,28,Woman,HR,1,4.9,No,Control,3.0,4.0,3.0,5.0,2.0,4.0,2.0,2.0,2.0,2.0,2.0,2.0,3.77,4.24,4.41,49.5,31.4,3.25
E010289,46,Woman,Finance,1,8.4,No,Training,5.0,5.0,5.0,1.0,5.0,5.0,5.0,1.0,4.0,3.0,2.0,3.0,2.8,6.75,5.52,64.1,38.1,2.26
E010290,29,Man,Technology,2,5.2,No,Control,4.0,2.0,4.0,2.0,4.0,4.0,4.0,3.0,4.0,4.0,4.0,2.0,4.62,4.15,3.68,55.3,45.9,4.61
E010291,35,Woman,Marketing,3,6.7,No,Training,4.0,4.0,4.0,2.0,1.0,2.0,3.0,3.0,2.0,1.0,1.0,1.0,4.15,5.15,4.97,48.6,36.5,3.54
E010292,51,Man,Finance,0,6.6,No,Training,5.0,,4.0,1.0,4.0,4.0,5.0,1.0,3.0,2.0,2.0,4.0,2.44,2.01,3.68,64.2,25.7,3.89
E010293,41,Man,Operations,2,5.7,No,Control,4.0,2.0,2.0,1.0,5.0,4.0,4.0,1.0,5.0,3.0,4.0,5.0,4.29,4.16,5.17,54.6,49.8,3.08
E010294,39,Woman,Marketing,1,7.1,Yes,Control,4.0,3.0,4.0,2.0,5.0,4.0,5.0,2.0,4.0,3.0,5.0,5.0,3.08,3.51,3.26,62.1,41.3,4.25
E010295,32,Woman,Operations,3,3.4,No,Control,4.0,2.0,4.0,3.0,4.0,3.0,5.0,1.0,4.0,4.0,3.0,3.0,3.05,4.2,4.96,64.6,36.4,4.06
E010296,27,Woman,Technology,2,2.2,No,Training,3.0,2.0,2.0,3.0,3.0,2.0,1.0,3.0,4.0,3.0,3.0,3.0,5.35,4.96,3.31,52.9,51.1,5.25
E010297,35,Woman,Technology,2,0.5,Yes,Control,3.0,2.0,2.0,4.0,2.0,2.0,2.0,4.0,1.0,1.0,2.0,2.0,3.51,3.4,3.13,49.3,49.3,3.41
E010298,22,Woman,HR,2,2.9,Yes,Training,5.0,5.0,5.0,1.0,3.0,2.0,2.0,4.0,5.0,5.0,4.0,4.0,4.54,4.08,3.4,61.3,48.2,5.08
E010299,55,Woman,Marketing,3,8.2,No,Training,2.0,2.0,2.0,5.0,2.0,3.0,4.0,2.0,3.0,3.0,4.0,5.0,5.03,5.33,4.29,,39.4,3.71
E010300,22,Woman,Operations,2,6.0,Yes,Training,5.0,5.0,5.0,1.0,5.0,5.0,5.0,1.0,3.0,2.0,5.0,5.0,4.06,4.31,5.01,69.2,50.8,3.89
E010301,43,Man,Technology,3,4.7,No,Control,5.0,4.0,5.0,2.0,5.0,4.0,4.0,1.0,1.0,5.0,4.0,5.0,4.0,2.88,3.66,51.3,51.7,4.27
E010302,31,Man,Technology,2,3.9,No,Training,1.0,2.0,1.0,3.0,1.0,1.0,3.0,5.0,3.0,3.0,2.0,3.0,5.19,3.09,3.4,50.4,68.3,5.23
E010303,31,Man,Marketing,1,4.4,No,Control,2.0,3.0,5.0,2.0,3.0,3.0,1.0,3.0,4.0,,2.0,4.0,4.19,6.19,5.46,55.8,47.8,2.06
E010304,27,Woman,Finance,3,3.3,No,Control,3.0,3.0,3.0,3.0,3.0,3.0,3.0,3.0,4.0,4.0,3.0,4.0,5.47,3.57,2.84,38.8,51.3,5.28
E010305,62,Man,Technology,1,1.6,No,Training,1.0,1.0,1.0,5.0,1.0,1.0,3.0,5.0,3.0,2.0,3.0,1.0,2.73,3.49,4.51,54.3,37.7,3.36
E010306,48,Man,Operations,2,3.4,Yes,Training,4.0,4.0,1.0,3.0,4.0,4.0,4.0,2.0,2.0,4.0,2.0,2.0,3.89,3.56,4.08,60.2,45.5,2.99
E010307,22,Man,Operations,2,4.6,No,Training,4.0,4.0,3.0,3.0,2.0,1.0,1.0,4.0,2.0,2.0,3.0,1.0,5.02,4.59,3.07,47.0,50.4,5.12
E010308,46,Woman,Marketing,3,4.1,No,Training,3.0,5.0,2.0,2.0,3.0,3.0,2.0,2.0,4.0,5.0,4.0,5.0,3.46,3.26,5.66,67.1,40.4,4.14
E010309,22,Man,Finance,4,4.6,No,Training,3.0,2.0,4.0,1.0,4.0,5.0,4.0,4.0,5.0,2.0,5.0,5.0,3.3,2.96,5.1,67.3,51.2,4.02
E010310,37,Woman,Technology,2,3.8,No,Training,5.0,5.0,5.0,2.0,3.0,4.0,5.0,2.0,2.0,4.0,3.0,2.0,5.04,5.8,4.34,62.1,40.2,2.75
E010311,50,Woman,Finance,1,2.1,No,Training,1.0,1.0,1.0,5.0,1.0,1.0,1.0,3.0,1.0,1.0,1.0,2.0,3.19,2.93,3.29,49.7,50.6,4.22
E010312,42,Man,Operations,4,9.4,No,Training,1.0,1.0,1.0,5.0,1.0,2.0,2.0,5.0,2.0,1.0,1.0,1.0,3.96,2.04,2.98,60.3,60.4,4.92
E010313,46,Non-binary / prefer not to say,Technology,5,2.9,Yes,Control,5.0,5.0,5.0,2.0,3.0,2.0,2.0,2.0,5.0,4.0,4.0,5.0,3.01,5.41,5.04,70.3,40.9,2.35
E010314,40,Man,Technology,2,6.5,No,Training,2.0,3.0,3.0,5.0,2.0,1.0,2.0,4.0,2.0,4.0,4.0,4.0,4.57,4.0,3.04,55.9,54.9,6.1
E010315,29,Man,HR,4,2.4,No,Training,1.0,2.0,2.0,5.0,2.0,2.0,2.0,4.0,1.0,1.0,1.0,1.0,4.86,2.63,,43.8,52.1,5.59
E010316,40,Woman,HR,2,8.0,No,Training,2.0,4.0,4.0,,5.0,4.0,4.0,2.0,4.0,4.0,4.0,5.0,4.54,4.18,5.33,66.5,48.0,3.94
E010317,30,Man,Technology,2,3.0,Yes,Training,5.0,4.0,4.0,1.0,3.0,2.0,3.0,3.0,4.0,3.0,4.0,4.0,3.82,3.44,2.66,60.6,47.8,5.03
E010318,43,Woman,Technology,2,3.0,No,Control,5.0,3.0,4.0,2.0,5.0,4.0,2.0,,5.0,5.0,5.0,5.0,4.31,4.17,4.73,61.0,48.2,3.65
E010319,22,Man,Operations,2,3.1,Yes,Training,2.0,2.0,5.0,2.0,4.0,2.0,2.0,2.0,1.0,2.0,1.0,1.0,3.24,4.98,4.24,43.6,38.6,2.26
E010320,29,Woman,Marketing,1,4.5,No,Training,2.0,1.0,3.0,4.0,3.0,3.0,2.0,4.0,2.0,1.0,1.0,2.0,5.16,3.3,3.81,40.4,63.1,5.62
E010321,52,Woman,Marketing,3,2.0,No,Control,4.0,4.0,3.0,4.0,4.0,1.0,1.0,4.0,4.0,5.0,4.0,3.0,3.38,4.08,3.8,59.7,49.8,4.05
E010322,41,Man,Marketing,4,6.9,Yes,Training,2.0,1.0,2.0,4.0,4.0,5.0,3.0,4.0,1.0,2.0,1.0,1.0,3.92,4.07,3.73,52.4,45.7,4.26
E010323,52,Man,HR,2,2.7,No,Training,3.0,4.0,3.0,2.0,3.0,5.0,5.0,1.0,1.0,2.0,3.0,2.0,3.87,3.72,4.5,54.3,45.0,3.1
E010324,41,Non-binary / prefer not to say,Finance,3,0.8,No,Training,4.0,4.0,5.0,1.0,3.0,3.0,4.0,4.0,4.0,5.0,4.0,5.0,3.56,3.77,4.66,60.8,47.7,3.13
E010325,34,Woman,Marketing,3,18.4,No,Control,5.0,3.0,4.0,2.0,5.0,5.0,5.0,1.0,5.0,4.0,5.0,5.0,3.38,4.53,4.92,57.3,39.5,4.12
E010326,44,Woman,Marketing,0,9.1,No,Control,1.0,1.0,2.0,5.0,4.0,5.0,3.0,4.0,1.0,2.0,1.0,1.0,2.82,2.53,3.12,57.8,42.8,4.51
E010327,57,Man,Finance,0,1.6,No,Control,4.0,3.0,2.0,3.0,5.0,5.0,4.0,2.0,5.0,4.0,3.0,4.0,3.59,3.56,4.5,58.6,44.5,4.11
E010328,33,Man,Operations,1,6.4,No,Training,4.0,2.0,2.0,2.0,2.0,4.0,4.0,4.0,4.0,3.0,3.0,3.0,5.76,4.74,2.41,49.8,52.8,5.34
E010329,40,Woman,Technology,3,2.8,No,Control,3.0,5.0,4.0,2.0,2.0,4.0,2.0,3.0,1.0,4.0,2.0,2.0,3.58,5.32,5.16,50.6,40.3,2.02
E010330,58,Man,Operations,2,4.8,No,Training,1.0,2.0,1.0,5.0,2.0,2.0,2.0,4.0,4.0,4.0,4.0,2.0,3.15,2.19,3.88,66.1,49.0,4.78
E010331,57,Woman,Operations,1,6.8,No,Control,4.0,4.0,5.0,4.0,5.0,5.0,5.0,2.0,5.0,5.0,5.0,5.0,6.08,2.6,3.68,66.9,67.0,4.65
E010332,32,Woman,HR,5,1.6,No,Control,2.0,2.0,3.0,,4.0,1.0,5.0,3.0,1.0,2.0,1.0,2.0,2.46,5.59,6.04,55.3,35.7,1.6
E010333,49,Woman,HR,3,5.0,No,Training,1.0,1.0,1.0,5.0,1.0,1.0,1.0,5.0,4.0,3.0,2.0,4.0,4.51,3.64,1.82,39.9,53.6,5.59
E010334,29,Woman,Technology,3,6.0,No,Training,3.0,2.0,3.0,3.0,2.0,2.0,4.0,5.0,3.0,4.0,4.0,5.0,3.6,2.59,3.48,61.9,49.6,2.79
E010335,33,Man,HR,1,7.3,No,Control,3.0,2.0,2.0,3.0,3.0,1.0,3.0,1.0,4.0,5.0,5.0,3.0,3.26,4.15,4.63,52.9,51.3,3.42
E010336,29,Man,Finance,1,5.9,No,Control,3.0,2.0,1.0,4.0,2.0,2.0,1.0,1.0,5.0,3.0,2.0,5.0,4.05,2.66,3.52,46.5,49.0,5.85
E010337,34,Woman,Operations,5,0.8,Yes,Training,3.0,3.0,5.0,4.0,1.0,2.0,1.0,2.0,2.0,2.0,1.0,2.0,5.65,2.83,2.49,48.5,62.8,6.15
E010338,41,Man,Operations,0,5.3,No,Training,2.0,1.0,2.0,5.0,2.0,4.0,2.0,3.0,1.0,1.0,2.0,1.0,3.46,4.3,3.97,56.4,34.7,2.88
E010339,38,Man,Marketing,3,5.8,Yes,Training,3.0,4.0,3.0,4.0,4.0,5.0,4.0,4.0,2.0,4.0,3.0,5.0,6.2,3.65,2.71,59.9,64.1,5.8
E010340,33,Man,Finance,5,1.5,No,Control,1.0,,2.0,5.0,4.0,2.0,,1.0,4.0,4.0,5.0,3.0,3.17,3.67,4.33,54.1,29.5,3.39
E010341,47,Man,Technology,4,5.4,No,Control,2.0,4.0,5.0,2.0,5.0,5.0,,1.0,5.0,4.0,3.0,5.0,4.35,4.84,5.08,69.2,48.2,3.0
E010342,55,Man,Operations,3,2.8,No,Control,1.0,1.0,1.0,5.0,2.0,2.0,1.0,4.0,3.0,3.0,2.0,2.0,2.21,3.7,3.73,55.5,43.5,4.94
E010343,38,Man,Operations,2,6.1,No,Training,1.0,1.0,1.0,5.0,2.0,1.0,2.0,5.0,1.0,2.0,1.0,2.0,4.35,3.96,1.91,37.5,38.4,4.68
E010344,45,Woman,Operations,2,0.7,No,Training,5.0,3.0,3.0,4.0,5.0,4.0,4.0,2.0,2.0,2.0,4.0,3.0,3.28,2.92,4.45,49.5,42.1,2.83
E010345,33,Man,HR,3,1.3,No,Control,2.0,1.0,2.0,1.0,1.0,1.0,1.0,5.0,2.0,2.0,4.0,3.0,3.98,4.84,3.99,47.3,35.0,4.65
E010346,40,Man,Marketing,2,0.8,No,Training,5.0,4.0,5.0,2.0,4.0,3.0,3.0,3.0,5.0,4.0,5.0,2.0,3.53,4.76,6.85,62.1,38.7,3.01
E010347,37,Man,Technology,2,5.0,No,Control,3.0,1.0,4.0,3.0,5.0,4.0,4.0,2.0,1.0,1.0,4.0,3.0,1.83,2.79,4.97,61.9,31.1,3.99
E010348,30,Woman,Finance,2,3.5,No,Training,1.0,2.0,1.0,5.0,3.0,3.0,3.0,4.0,1.0,3.0,1.0,3.0,3.89,2.32,2.97,49.8,53.7,5.6
E010349,48,Man,Finance,2,1.9,No,Control,4.0,5.0,5.0,3.0,3.0,5.0,4.0,3.0,4.0,4.0,5.0,5.0,4.65,4.61,4.01,50.2,48.0,3.84
E010350,42,Man,Finance,4,9.0,No,Control,2.0,2.0,3.0,2.0,2.0,2.0,2.0,4.0,3.0,3.0,4.0,4.0,5.93,2.78,4.15,54.3,70.9,4.47
E010351,39,Woman,Technology,4,5.3,No,Control,5.0,5.0,5.0,3.0,2.0,2.0,2.0,3.0,2.0,2.0,1.0,1.0,2.1,6.19,5.01,63.4,23.2,2.2
E010352,41,Woman,Finance,2,4.4,No,Control,3.0,5.0,4.0,3.0,2.0,4.0,3.0,3.0,1.0,2.0,2.0,1.0,5.42,3.55,3.48,48.7,45.7,5.79
E010353,34,Woman,Operations,2,0.6,No,Training,3.0,3.0,1.0,5.0,3.0,3.0,3.0,,1.0,1.0,1.0,1.0,4.04,3.99,5.0,58.7,34.1,2.75
E010354,44,Woman,HR,0,0.6,No,Control,2.0,1.0,1.0,5.0,1.0,2.0,3.0,5.0,2.0,1.0,2.0,2.0,2.68,3.11,4.18,43.6,35.7,4.5
E010355,28,Woman,Finance,0,1.1,No,Control,5.0,2.0,3.0,2.0,3.0,5.0,1.0,3.0,3.0,4.0,3.0,3.0,4.1,4.39,4.57,42.9,40.9,4.24
E010356,49,Woman,Technology,0,6.9,No,Training,2.0,,2.0,5.0,2.0,3.0,2.0,3.0,3.0,2.0,2.0,2.0,2.38,2.93,4.4,61.6,43.1,3.77
E010357,38,Man,Marketing,2,4.6,No,Training,3.0,5.0,3.0,2.0,3.0,4.0,4.0,3.0,4.0,5.0,4.0,4.0,3.5,3.29,2.5,60.9,58.6,5.45
E010358,45,Woman,Finance,0,2.7,No,Training,4.0,5.0,4.0,2.0,4.0,4.0,4.0,2.0,5.0,3.0,5.0,4.0,5.08,4.61,4.02,53.0,46.4,3.24
E010359,30,Woman,Technology,3,4.1,No,Control,4.0,5.0,4.0,2.0,5.0,5.0,4.0,1.0,5.0,5.0,3.0,3.0,4.77,5.62,4.48,63.9,45.4,3.25
E010360,24,Woman,Operations,3,1.0,Yes,Training,1.0,3.0,4.0,5.0,1.0,1.0,1.0,5.0,5.0,4.0,4.0,4.0,5.56,3.6,3.53,46.4,61.5,5.0
