guest_id,loyalty_status,prior_stays,stay_nights,occupancy_rate,checkin_hour,special_event,direct_booking,booked_room,total_spend_eur,upgrade
G0001,None,0,4,76.8,16,Yes,No,Standard,347.8,0
G0002,None,2,2,72.4,20,No,No,Standard,272.1,0
G0003,Platinum,14,2,71.5,18,No,Yes,Deluxe,785.8,1
G0004,Silver,4,3,89.2,16,No,No,Deluxe,587.6,0
G0005,Gold,6,3,88.1,18,No,No,Standard,483.6,0
G0006,None,0,4,76.1,14,No,Yes,Standard,477.3,0
G0007,None,0,1,68.7,16,Yes,No,Standard,60.0,0
G0008,Silver,2,3,76.3,19,No,Yes,Deluxe,591.7,1
G0009,Silver,2,5,60.4,16,Yes,Yes,Standard,461.4,1
G0010,Platinum,9,3,68.9,17,No,No,Standard,632.1,0
G0011,Silver,0,3,84.0,19,No,Yes,Standard,312.5,0
G0012,None,0,7,76.6,21,No,Yes,Standard,712.8,0
G0013,None,0,4,66.3,13,No,No,Standard,555.7,1
G0014,Gold,5,3,90.4,20,No,No,Deluxe,730.3,1
G0015,None,0,1,67.2,14,No,Yes,Standard,60.0,0
G0016,Silver,0,6,88.1,16,No,Yes,Standard,507.8,0
G0017,None,0,5,80.0,17,No,No,Standard,516.9,0
G0018,Gold,9,3,72.8,15,Yes,No,Standard,580.0,0
G0019,None,1,1,89.3,17,No,Yes,Standard,72.7,0
G0020,Silver,0,3,100.0,18,No,Yes,Deluxe,542.3,0
G0021,None,1,4,87.5,20,No,Yes,Deluxe,738.1,0
G0022,Platinum,9,3,89.9,20,No,Yes,Standard,592.8,1
G0023,None,0,5,85.0,10,Yes,Yes,Standard,519.0,0
G0024,None,1,3,76.7,14,No,No,Standard,620.9,0
G0025,Silver,2,6,83.4,16,Yes,No,Standard,657.5,1
G0026,None,1,1,69.5,20,No,Yes,Standard,213.6,0
G0027,Gold,2,2,96.0,18,Yes,Yes,Standard,499.7,0
G0028,None,2,2,79.6,19,Yes,No,Standard,346.2,0
G0029,None,2,2,90.7,14,No,Yes,Standard,248.9,1
G0030,Platinum,8,4,97.3,23,Yes,No,Standard,733.4,0
G0031,None,0,3,69.9,19,No,No,Standard,306.2,0
G0032,None,0,4,63.2,20,No,Yes,Standard,475.1,0
G0033,None,0,4,70.1,20,No,Yes,Standard,451.1,0
G0034,Platinum,11,2,56.2,18,Yes,Yes,Standard,460.3,1
G0035,None,0,1,35.0,20,No,Yes,Standard,256.3,1
G0036,None,1,3,69.7,15,No,Yes,Deluxe,524.5,0
G0037,Gold,2,4,87.2,15,No,Yes,Standard,670.3,0
G0038,Gold,2,3,66.3,17,Yes,No,Deluxe,699.1,0
G0039,None,1,8,72.5,15,No,No,Standard,812.4,0
G0040,None,0,5,55.1,18,Yes,No,Deluxe,797.8,0
G0041,None,2,2,70.9,20,No,Yes,Deluxe,465.5,0
G0042,None,1,1,75.0,22,No,No,Standard,173.5,0
G0043,Gold,7,5,91.7,21,No,Yes,Deluxe,871.6,0
G0044,None,1,4,77.5,21,No,No,Deluxe,864.8,0
G0045,Silver,2,4,71.8,18,No,Yes,Deluxe,757.1,0
G0046,None,0,5,61.1,13,No,Yes,Deluxe,635.8,0
G0047,None,2,4,68.2,16,Yes,No,Deluxe,804.8,0
G0048,Platinum,9,1,71.1,17,No,Yes,Standard,295.9,1
G0049,None,0,3,70.9,12,Yes,Yes,Standard,446.0,0
G0050,None,0,3,57.5,15,No,Yes,Deluxe,453.6,0
G0051,None,0,2,75.3,13,No,Yes,Deluxe,322.6,0
G0052,Silver,3,6,88.5,17,No,Yes,Standard,974.9,0
G0053,Silver,3,5,78.8,12,No,Yes,Deluxe,753.1,0
G0054,Silver,2,4,57.4,15,No,Yes,Standard,461.4,1
G0055,Silver,4,5,71.6,20,No,Yes,Standard,973.9,1
G0056,Gold,3,4,62.5,18,No,Yes,Deluxe,695.0,0
G0057,None,1,2,69.9,14,No,No,Standard,262.1,0
G0058,Silver,0,4,56.8,15,No,No,Standard,535.3,0
G0059,Silver,5,2,89.9,16,No,Yes,Standard,468.6,0
G0060,Silver,0,2,79.2,13,No,Yes,Standard,226.5,0
G0061,Gold,9,3,94.2,18,No,Yes,Standard,678.0,1
G0062,Gold,7,2,78.2,17,No,No,Standard,620.1,1
G0063,None,1,5,91.2,21,Yes,Yes,Deluxe,645.6,0
G0064,Silver,1,4,81.7,16,No,No,Deluxe,357.7,0
G0065,Silver,1,4,72.2,15,No,Yes,Deluxe,471.4,0
G0066,None,1,1,96.0,23,No,No,Standard,85.6,0
G0067,None,1,6,82.0,18,Yes,No,Standard,852.8,0
G0068,Gold,3,3,53.1,12,No,No,Deluxe,580.3,1
G0069,Gold,5,2,76.6,21,No,Yes,Standard,374.5,1
G0070,None,1,2,77.0,16,No,Yes,Standard,104.2,1
G0071,None,0,3,84.5,18,No,Yes,Deluxe,623.2,0
G0072,None,0,2,95.5,14,Yes,Yes,Standard,255.6,0
G0073,None,0,3,46.6,13,No,Yes,Standard,281.9,0
G0074,None,0,3,80.0,16,Yes,No,Deluxe,536.8,0
G0075,None,2,8,85.4,14,No,Yes,Standard,700.3,0
G0076,None,1,4,65.2,14,No,Yes,Standard,532.2,0
G0077,Platinum,17,4,76.6,13,No,No,Deluxe,1308.1,1
G0078,None,1,2,68.8,17,No,No,Standard,239.8,0
G0079,None,1,1,56.6,19,No,Yes,Standard,362.6,0
G0080,None,1,2,66.4,20,Yes,No,Deluxe,616.9,0
G0081,None,0,2,84.0,16,No,Yes,Standard,314.5,1
G0082,None,0,1,64.3,15,No,No,Standard,207.9,0
G0083,None,0,3,81.4,15,No,Yes,Standard,256.1,0
G0084,None,2,3,100.0,19,No,No,Standard,362.4,0
G0085,None,0,4,66.6,21,No,Yes,Deluxe,465.7,1
G0086,None,0,1,73.1,13,Yes,Yes,Standard,60.0,0
G0087,Silver,2,2,95.5,15,Yes,No,Deluxe,518.9,0
G0088,Silver,1,2,78.7,17,No,No,Standard,158.3,0
G0089,Gold,4,2,83.0,17,Yes,Yes,Deluxe,398.0,0
G0090,Platinum,10,2,44.5,13,No,No,Standard,731.9,1
G0091,Gold,7,1,98.0,16,No,Yes,Standard,483.1,0
G0092,None,1,4,82.3,15,No,Yes,Deluxe,776.3,0
G0093,None,1,2,83.7,11,No,Yes,Deluxe,112.9,0
G0094,Silver,1,3,100.0,18,No,No,Deluxe,481.1,0
G0095,None,1,5,94.3,12,Yes,Yes,Deluxe,601.9,0
G0096,Gold,9,2,68.8,18,No,No,Standard,589.8,0
G0097,Platinum,6,3,100.0,11,No,Yes,Deluxe,720.4,0
G0098,None,0,2,66.3,19,No,Yes,Deluxe,509.3,0
G0099,None,0,4,75.5,18,No,Yes,Deluxe,472.8,0
G0100,Silver,3,2,81.6,21,Yes,No,Standard,371.8,0
G0101,Silver,3,3,77.1,21,No,No,Deluxe,464.0,0
G0102,Platinum,15,3,100.0,19,No,Yes,Standard,1038.6,0
G0103,None,2,5,100.0,12,Yes,Yes,Standard,756.9,0
G0104,None,0,3,77.7,17,No,No,Deluxe,413.7,0
G0105,Gold,3,3,79.9,13,No,Yes,Standard,535.1,0
G0106,None,0,5,66.0,18,Yes,Yes,Standard,539.8,0
G0107,Silver,0,3,77.1,13,Yes,Yes,Standard,269.3,0
G0108,None,1,2,61.4,13,No,Yes,Standard,119.1,0
G0109,None,0,2,84.7,15,No,Yes,Deluxe,223.8,0
G0110,Platinum,6,3,68.0,12,No,Yes,Standard,483.4,1
G0111,None,1,2,62.9,21,No,Yes,Standard,241.8,1
G0112,Gold,5,2,67.1,17,No,No,Standard,438.3,0
G0113,None,0,3,73.9,19,No,Yes,Standard,326.0,0
G0114,Gold,7,2,70.1,22,No,No,Deluxe,616.5,0
G0115,None,0,2,76.4,18,No,No,Deluxe,351.6,0
G0116,Platinum,7,5,75.4,15,No,No,Standard,855.8,1
G0117,None,1,2,68.2,21,Yes,Yes,Deluxe,460.4,0
G0118,None,1,5,80.3,18,No,No,Standard,597.4,0
G0119,Silver,5,3,86.2,19,No,No,Standard,487.3,0
G0120,None,1,3,86.3,16,Yes,Yes,Standard,818.1,0
G0121,Silver,3,5,70.8,15,No,No,Deluxe,773.0,0
G0122,Gold,4,2,71.4,19,No,No,Deluxe,557.7,0
G0123,Silver,1,2,63.8,22,Yes,Yes,Deluxe,463.8,0
G0124,Gold,7,3,79.2,19,No,Yes,Standard,722.2,0
G0125,Platinum,12,2,75.8,19,No,No,Standard,698.1,0
G0126,None,0,2,77.7,13,No,No,Standard,316.0,0
G0127,None,1,1,90.0,16,Yes,No,Standard,204.1,0
G0128,None,1,3,80.5,20,No,No,Standard,419.2,0
G0129,None,0,4,78.8,15,No,No,Standard,448.3,0
G0130,Silver,3,5,65.6,17,Yes,Yes,Standard,882.3,0
G0131,Gold,6,3,69.6,18,Yes,Yes,Standard,569.8,1
G0132,None,0,4,79.5,16,No,No,Standard,225.1,0
G0133,None,0,2,92.2,22,No,No,Deluxe,236.1,0
G0134,Gold,8,3,90.2,18,Yes,No,Standard,637.2,1
G0135,None,4,2,53.8,17,No,Yes,Standard,222.0,0
G0136,Gold,7,4,43.3,16,No,Yes,Standard,668.5,1
G0137,Gold,8,3,68.8,17,No,No,Standard,580.5,0
G0138,Gold,6,3,99.6,12,No,Yes,Standard,606.1,1
G0139,None,2,5,73.7,20,No,Yes,Deluxe,806.5,0
G0140,Platinum,7,5,73.2,18,No,No,Deluxe,799.8,0
G0141,Platinum,6,2,79.7,18,No,Yes,Standard,503.8,0
G0142,None,1,1,63.6,19,No,No,Standard,160.5,0
G0143,None,1,4,88.5,20,No,Yes,Standard,362.7,0
G0144,None,0,3,76.3,17,No,Yes,Standard,540.8,1
G0145,Gold,4,2,59.9,14,No,No,Deluxe,337.7,0
G0146,None,0,4,57.9,17,No,No,Deluxe,630.5,0
G0147,Silver,1,5,72.9,15,Yes,Yes,Standard,621.5,0
G0148,Silver,3,6,87.8,15,No,Yes,Standard,727.3,0
G0149,None,0,2,96.1,21,No,No,Standard,172.8,0
G0150,None,0,3,81.5,14,Yes,Yes,Standard,327.7,0
G0151,Silver,1,2,59.4,15,Yes,Yes,Standard,136.2,1
G0152,Gold,5,2,84.1,16,No,Yes,Standard,439.1,1
G0153,None,1,2,78.4,21,No,Yes,Standard,200.1,0
G0154,None,1,2,92.5,20,No,No,Standard,256.3,0
G0155,Gold,5,4,60.1,15,No,No,Standard,458.3,1
G0156,Silver,1,3,79.1,21,No,Yes,Standard,326.9,0
G0157,None,1,2,84.7,19,No,Yes,Deluxe,412.5,0
G0158,Silver,1,3,58.4,15,No,No,Standard,440.8,1
G0159,None,0,7,61.6,17,No,Yes,Standard,750.6,0
G0160,Silver,0,5,56.8,15,No,Yes,Deluxe,658.4,1
G0161,Platinum,7,4,73.4,18,No,Yes,Standard,779.3,0
G0162,None,0,4,81.3,16,No,No,Standard,582.1,0
G0163,None,0,5,80.4,20,No,Yes,Standard,471.0,0
G0164,None,2,1,83.7,18,No,Yes,Standard,134.0,0
G0165,Silver,1,2,78.5,16,No,Yes,Standard,60.0,1
G0166,Silver,2,2,74.2,22,Yes,Yes,Standard,245.2,0
G0167,Gold,7,2,85.4,18,No,Yes,Standard,444.3,0
G0168,Silver,0,5,82.1,19,No,Yes,Standard,82.1,1
G0169,None,0,2,94.4,13,No,Yes,Standard,60.0,0
G0170,None,0,1,75.0,17,No,No,Standard,147.8,0
G0171,Gold,2,2,69.9,19,No,No,Deluxe,678.1,0
G0172,None,1,4,57.9,16,No,Yes,Standard,630.7,1
G0173,Silver,3,1,88.2,16,No,Yes,Standard,116.3,0
G0174,Gold,6,4,56.0,15,Yes,Yes,Standard,530.5,1
G0175,None,2,6,76.9,16,No,Yes,Deluxe,743.8,0
G0176,None,1,5,74.1,18,No,No,Standard,659.7,0
G0177,Gold,7,3,95.5,17,No,Yes,Standard,688.3,1
G0178,Silver,2,8,97.9,19,No,Yes,Deluxe,1441.8,0
G0179,None,3,2,83.4,17,No,Yes,Standard,439.8,0
G0180,Gold,3,4,70.6,17,No,No,Deluxe,462.6,0
G0181,None,2,3,77.3,18,Yes,Yes,Standard,444.5,0
G0182,Gold,4,1,85.1,22,No,Yes,Standard,317.4,0
G0183,None,0,2,76.9,17,No,Yes,Standard,262.0,0
G0184,Gold,6,1,71.8,20,No,Yes,Standard,172.8,0
G0185,None,1,2,83.3,19,No,Yes,Standard,60.0,0
G0186,Platinum,15,2,70.8,16,Yes,Yes,Standard,815.1,1
G0187,Silver,2,1,77.0,17,No,Yes,Deluxe,467.1,0
G0188,Silver,1,6,78.8,23,Yes,No,Deluxe,810.3,0
G0189,Silver,1,4,87.4,20,No,No,Standard,434.7,1
G0190,Gold,6,3,77.9,16,No,No,Standard,500.4,1
G0191,None,1,2,65.7,12,No,Yes,Standard,202.9,0
G0192,None,2,1,77.1,15,No,Yes,Standard,186.1,0
G0193,None,0,2,78.0,18,No,Yes,Standard,300.8,0
G0194,Gold,5,3,60.4,19,No,Yes,Standard,353.4,0
G0195,Gold,5,2,62.6,15,No,No,Standard,558.4,1
G0196,None,0,2,89.0,18,No,No,Standard,78.8,0
G0197,None,1,2,79.5,19,No,Yes,Standard,274.0,1
G0198,None,0,3,100.0,16,No,Yes,Standard,400.2,0
G0199,Gold,5,5,62.7,17,Yes,Yes,Deluxe,905.0,0
G0200,None,0,2,64.2,19,No,No,Deluxe,299.9,0
G0201,Silver,1,3,88.0,21,No,Yes,Standard,433.7,0
G0202,Silver,1,4,61.1,17,No,Yes,Standard,407.2,0
G0203,Silver,1,3,61.1,18,No,Yes,Deluxe,681.8,0
G0204,Gold,5,3,77.9,16,Yes,Yes,Deluxe,533.3,1
G0205,Silver,3,2,70.6,18,No,Yes,Standard,481.1,0
G0206,Platinum,14,3,97.1,19,No,Yes,Standard,848.2,0
G0207,None,1,3,87.4,12,No,No,Standard,489.5,0
G0208,Silver,1,4,70.7,13,No,Yes,Deluxe,606.2,0
G0209,None,1,3,64.4,17,Yes,Yes,Deluxe,377.5,0
G0210,None,0,3,73.3,13,Yes,Yes,Standard,326.8,0
G0211,None,2,2,100.0,23,No,Yes,Standard,307.9,0
G0212,Silver,3,1,58.9,16,No,Yes,Standard,269.0,0
G0213,None,0,2,89.9,17,Yes,Yes,Deluxe,304.0,0
G0214,None,0,4,65.5,19,Yes,Yes,Standard,357.7,0
G0215,Silver,0,2,65.4,21,No,No,Standard,225.6,0
G0216,Silver,3,1,65.1,16,No,Yes,Standard,246.3,1
G0217,Silver,5,4,78.9,13,Yes,Yes,Standard,514.1,1
G0218,Silver,4,3,86.0,13,No,Yes,Standard,545.0,0
G0219,Silver,2,3,75.2,17,No,Yes,Deluxe,671.8,1
G0220,Gold,2,2,81.5,14,No,Yes,Standard,392.8,0
G0221,Silver,3,2,87.9,20,No,No,Deluxe,536.4,0
G0222,None,1,4,85.4,16,No,Yes,Standard,666.9,0
G0223,None,0,4,79.5,19,No,Yes,Standard,200.9,0
G0224,None,1,2,78.6,16,No,Yes,Standard,226.7,0
G0225,None,0,3,65.7,18,No,No,Standard,271.2,0
G0226,None,1,4,77.0,13,No,Yes,Standard,566.6,0
G0227,None,0,5,73.2,16,No,No,Standard,575.1,0
G0228,None,1,3,82.1,22,No,Yes,Deluxe,665.7,0
G0229,None,0,5,72.8,20,No,No,Standard,648.3,0
G0230,Silver,0,1,65.6,11,No,No,Standard,136.7,1
G0231,None,0,3,68.5,19,No,No,Standard,342.5,0
G0232,None,1,1,89.4,18,No,Yes,Standard,83.8,0
G0233,None,1,5,81.8,14,No,No,Standard,862.5,0
G0234,Gold,7,3,65.7,14,No,Yes,Deluxe,893.8,1
G0235,None,1,4,67.3,18,No,Yes,Deluxe,699.1,1
G0236,Silver,2,3,100.0,12,No,No,Deluxe,660.8,1
G0237,Silver,1,3,86.0,18,No,Yes,Deluxe,579.4,1
G0238,None,1,2,86.0,17,No,Yes,Standard,261.4,0
G0239,None,0,5,76.6,16,No,Yes,Standard,475.0,0
G0240,Platinum,5,2,68.5,19,No,Yes,Standard,250.0,1
G0241,None,0,2,69.8,15,No,No,Standard,278.7,0
G0242,Silver,1,3,80.2,17,No,No,Standard,494.0,0
G0243,None,0,1,64.8,14,No,Yes,Deluxe,119.1,0
G0244,None,2,2,100.0,14,Yes,Yes,Standard,267.5,0
G0245,None,1,2,95.6,17,No,No,Standard,158.2,0
G0246,Gold,5,3,88.7,17,No,Yes,Standard,555.8,0
G0247,None,0,8,70.5,15,No,No,Standard,766.3,0
G0248,Gold,9,3,81.7,15,No,No,Standard,696.0,0
G0249,Gold,4,4,84.3,17,No,No,Deluxe,874.2,0
G0250,None,1,5,95.0,21,No,Yes,Deluxe,780.3,0
G0251,Silver,2,7,93.4,17,No,Yes,Deluxe,886.9,0
G0252,None,1,2,64.8,19,No,Yes,Deluxe,385.5,0
G0253,None,1,3,61.2,21,No,Yes,Standard,548.2,1
G0254,Gold,7,2,68.2,13,No,No,Deluxe,583.2,0
G0255,None,3,2,73.8,19,No,No,Standard,182.5,0
G0256,None,0,5,56.6,15,No,No,Standard,648.8,0
G0257,Platinum,9,2,100.0,19,No,No,Deluxe,656.3,0
G0258,None,1,2,56.4,12,No,No,Standard,304.9,0
G0259,None,1,3,100.0,15,No,No,Deluxe,283.4,0
G0260,None,0,4,69.9,14,No,Yes,Standard,472.5,1
G0261,None,1,2,74.9,16,No,Yes,Deluxe,468.5,0
G0262,None,1,3,88.2,14,No,No,Standard,353.5,1
G0263,None,1,2,77.3,12,No,Yes,Standard,77.9,0
G0264,Silver,2,3,60.5,22,No,Yes,Standard,480.6,0
G0265,Gold,3,2,100.0,15,No,Yes,Standard,323.3,0
G0266,None,0,3,83.6,16,No,Yes,Deluxe,536.7,0
G0267,None,0,1,82.0,21,No,Yes,Standard,60.0,0
G0268,None,0,4,100.0,16,No,No,Standard,258.4,0
G0269,Silver,0,4,75.8,20,No,Yes,Standard,351.2,0
G0270,None,0,2,73.0,13,No,No,Standard,193.9,0
G0271,Silver,0,4,66.6,18,No,No,Deluxe,598.3,0
G0272,None,0,2,93.6,22,No,Yes,Deluxe,419.7,1
G0273,None,1,3,40.8,13,Yes,No,Deluxe,453.4,0
G0274,Silver,3,1,89.8,17,Yes,Yes,Standard,332.1,0
G0275,Silver,2,5,56.2,18,No,Yes,Standard,728.6,1
G0276,None,1,2,70.5,20,No,No,Deluxe,499.8,0
G0277,Gold,2,4,69.8,12,Yes,Yes,Standard,458.4,1
G0278,None,0,3,93.5,19,No,No,Standard,473.2,0
G0279,Platinum,7,4,70.3,19,No,No,Standard,618.1,1
G0280,None,0,2,84.2,11,No,Yes,Standard,115.9,0
G0281,None,0,4,77.6,14,No,Yes,Standard,340.8,0
G0282,Gold,5,5,91.6,16,No,Yes,Deluxe,809.4,0
G0283,None,1,4,68.3,14,No,Yes,Standard,594.4,1
G0284,None,0,4,68.6,17,No,Yes,Standard,533.7,0
G0285,Gold,4,2,70.6,16,No,Yes,Standard,430.7,0
G0286,Silver,2,4,58.8,17,No,No,Deluxe,599.0,0
G0287,Gold,6,3,76.8,18,No,Yes,Standard,471.1,1
G0288,Silver,1,4,97.0,22,No,No,Deluxe,639.3,0
G0289,Platinum,13,1,80.9,22,No,Yes,Standard,712.2,1
G0290,None,0,3,79.3,19,Yes,Yes,Standard,326.9,0
G0291,Silver,1,5,76.4,13,No,No,Standard,572.4,1
G0292,Silver,4,4,79.1,10,No,Yes,Standard,643.5,0
G0293,None,0,5,59.9,20,Yes,Yes,Standard,541.9,0
G0294,None,0,2,88.8,18,No,Yes,Standard,424.7,0
G0295,None,0,3,74.8,14,No,Yes,Deluxe,427.8,0
G0296,Silver,5,3,73.4,20,No,Yes,Standard,639.8,0
G0297,Silver,2,4,84.1,22,No,Yes,Standard,498.6,0
G0298,None,0,4,87.7,21,No,Yes,Standard,435.7,0
G0299,Gold,6,1,79.3,19,No,No,Standard,403.6,0
G0300,Gold,4,3,71.1,17,No,Yes,Standard,657.2,1
G0301,None,0,4,82.8,17,No,Yes,Standard,374.2,1
G0302,Gold,3,2,95.2,15,No,Yes,Standard,231.5,0
G0303,Gold,11,3,83.0,19,No,Yes,Standard,554.1,1
G0304,Silver,3,4,77.2,12,No,No,Deluxe,1069.2,0
G0305,None,3,4,98.2,17,No,No,Standard,651.8,0
G0306,Silver,2,3,100.0,18,No,Yes,Standard,340.2,0
G0307,None,0,3,82.8,18,No,Yes,Standard,366.9,1
G0308,None,0,6,50.8,22,No,Yes,Deluxe,550.5,0
G0309,None,1,2,65.3,19,No,No,Standard,356.6,0
G0310,None,1,3,80.5,11,No,No,Standard,412.3,0
G0311,Platinum,7,4,77.0,12,Yes,Yes,Deluxe,618.0,0
G0312,Platinum,6,5,89.9,13,No,Yes,Standard,729.3,0
G0313,None,0,1,67.3,17,Yes,Yes,Standard,60.0,0
G0314,Gold,2,2,68.5,22,No,No,Deluxe,349.3,0
G0315,Silver,2,5,96.8,15,Yes,No,Standard,573.3,0
G0316,None,1,4,70.8,17,No,Yes,Standard,475.5,0
G0317,Silver,4,3,83.7,23,No,Yes,Standard,405.6,0
G0318,Silver,2,5,70.3,13,No,Yes,Deluxe,800.9,0
G0319,Platinum,3,2,81.2,18,No,No,Deluxe,301.8,0
G0320,Gold,4,4,83.7,15,Yes,Yes,Standard,497.8,0
G0321,Silver,1,4,47.0,18,No,Yes,Standard,497.7,0
G0322,None,0,2,97.9,18,No,No,Standard,161.4,0
G0323,Gold,4,3,73.4,15,No,Yes,Standard,540.0,1
G0324,Silver,3,5,100.0,22,Yes,Yes,Standard,768.9,0
G0325,Silver,1,2,100.0,20,No,Yes,Standard,198.3,0
G0326,Silver,1,2,99.1,17,No,Yes,Deluxe,259.5,0
G0327,None,0,2,74.2,16,No,Yes,Standard,118.4,0
G0328,None,0,3,67.8,20,No,No,Standard,226.2,0
G0329,None,0,1,73.9,18,No,Yes,Standard,197.1,1
G0330,Silver,3,3,84.8,16,Yes,No,Standard,436.5,1
G0331,None,2,4,69.2,20,No,Yes,Deluxe,612.3,1
G0332,None,0,5,81.9,14,No,Yes,Standard,461.5,0
G0333,Gold,3,2,85.6,16,No,No,Standard,642.6,0
G0334,Silver,1,1,75.2,18,No,Yes,Deluxe,405.2,0
G0335,None,1,4,77.7,18,No,Yes,Standard,452.7,0
G0336,Silver,2,6,35.0,13,No,Yes,Deluxe,1115.0,1
G0337,Gold,2,3,74.2,18,No,No,Standard,398.2,0
G0338,Silver,3,5,86.6,18,No,No,Standard,754.1,1
G0339,None,0,1,55.4,13,No,No,Standard,158.8,0
G0340,Gold,6,1,74.2,16,Yes,No,Standard,356.8,1
G0341,None,1,6,79.3,19,No,No,Standard,738.5,0
G0342,Gold,1,6,59.3,16,No,Yes,Deluxe,804.3,0
G0343,None,2,1,61.9,15,No,No,Standard,146.3,0
G0344,None,0,3,78.2,21,No,Yes,Standard,465.6,0
G0345,None,2,2,71.3,16,No,No,Deluxe,392.2,0
G0346,None,0,2,99.4,15,No,Yes,Standard,196.4,0
G0347,None,2,3,76.3,23,Yes,No,Standard,525.0,0
G0348,Silver,1,4,89.3,16,No,Yes,Standard,584.8,0
G0349,None,0,2,84.2,17,No,Yes,Standard,306.1,0
G0350,None,1,4,59.4,19,No,Yes,Deluxe,747.5,0
G0351,Silver,2,4,76.5,15,No,Yes,Standard,370.8,0
G0352,Platinum,6,5,62.2,14,No,Yes,Standard,609.9,1
G0353,None,0,3,69.4,12,No,Yes,Standard,362.7,0
G0354,Gold,5,3,74.0,15,No,No,Standard,396.2,0
G0355,None,1,2,73.7,10,No,Yes,Standard,383.6,0
G0356,None,2,4,63.9,15,No,Yes,Standard,583.9,0
G0357,Silver,1,8,59.5,18,No,Yes,Standard,684.0,0
G0358,None,0,2,75.7,23,No,Yes,Standard,234.8,0
G0359,Silver,0,2,74.8,18,No,No,Standard,275.1,0
G0360,Platinum,10,2,75.5,9,No,No,Deluxe,976.6,1
G0361,None,0,2,44.4,16,Yes,Yes,Deluxe,357.1,0
G0362,None,0,2,66.5,10,Yes,Yes,Standard,262.1,0
G0363,None,0,3,95.5,14,Yes,Yes,Deluxe,512.4,0
G0364,Silver,3,3,55.6,22,No,No,Deluxe,608.8,0
G0365,None,1,2,87.5,14,Yes,Yes,Standard,135.0,0
G0366,None,0,2,97.7,22,No,No,Standard,254.3,0
G0367,Gold,11,3,80.2,21,No,No,Standard,630.9,1
G0368,None,2,6,63.5,20,No,No,Standard,761.3,0
G0369,None,0,4,77.8,12,No,No,Standard,259.6,0
G0370,None,1,1,68.6,17,No,Yes,Standard,382.0,0
G0371,Gold,2,4,76.6,21,No,Yes,Standard,472.3,1
G0372,None,0,2,78.1,17,Yes,Yes,Deluxe,245.5,0
G0373,None,0,3,83.7,19,Yes,No,Standard,193.7,0
G0374,Gold,3,3,96.9,19,Yes,Yes,Standard,657.6,1
G0375,None,0,3,87.2,17,No,Yes,Standard,330.9,0
G0376,None,1,2,72.9,12,No,No,Standard,253.0,0
G0377,None,0,1,81.1,20,No,No,Standard,65.7,0
G0378,Platinum,13,4,78.1,18,No,Yes,Standard,939.4,1
G0379,Silver,3,4,81.8,16,Yes,Yes,Standard,585.4,0
G0380,None,1,2,90.1,20,No,Yes,Deluxe,417.1,0
G0381,None,1,3,80.9,23,No,Yes,Standard,274.5,0
G0382,None,2,1,80.7,18,No,No,Standard,60.0,0
G0383,None,2,4,83.3,17,No,Yes,Deluxe,450.2,0
G0384,Silver,4,4,73.3,19,No,Yes,Standard,682.4,1
G0385,Silver,1,5,78.5,19,No,Yes,Standard,738.2,0
G0386,Platinum,9,6,65.0,15,Yes,Yes,Deluxe,1255.1,1
G0387,None,1,2,42.5,16,No,No,Deluxe,535.9,0
G0388,None,0,2,69.9,23,No,Yes,Standard,206.9,0
G0389,Silver,0,1,75.0,15,Yes,Yes,Standard,60.0,0
G0390,Gold,6,3,95.8,19,No,Yes,Standard,656.6,0
G0391,Silver,3,5,93.0,13,No,Yes,Standard,851.5,0
G0392,Silver,1,3,60.1,21,No,Yes,Standard,397.8,0
G0393,None,0,2,82.3,16,No,Yes,Standard,111.7,0
G0394,Gold,5,5,76.6,17,No,Yes,Standard,648.4,0
G0395,Gold,2,1,87.7,17,No,No,Deluxe,253.6,0
G0396,None,0,5,83.9,18,Yes,No,Deluxe,622.1,0
G0397,None,0,2,81.4,22,Yes,Yes,Standard,404.6,0
G0398,Platinum,11,6,85.7,13,No,Yes,Standard,1084.2,1
G0399,None,0,3,81.4,16,No,Yes,Deluxe,509.7,0
G0400,Silver,2,4,69.7,19,No,Yes,Standard,630.5,1
G0401,None,0,2,99.4,17,No,Yes,Standard,201.1,0
G0402,Gold,3,4,100.0,12,No,Yes,Standard,355.5,0
G0403,None,2,3,86.8,18,No,Yes,Deluxe,528.5,1
G0404,None,0,4,92.8,15,No,Yes,Standard,269.4,1
G0405,Gold,5,3,64.6,19,No,Yes,Deluxe,940.8,1
G0406,None,0,4,87.4,17,No,No,Standard,539.5,0
G0407,None,0,3,79.1,18,No,Yes,Standard,246.5,0
G0408,Silver,3,1,90.5,14,No,Yes,Standard,251.3,0
G0409,Silver,2,1,74.4,14,No,Yes,Deluxe,345.4,0
G0410,None,1,1,92.0,17,Yes,No,Standard,60.0,0
G0411,None,1,3,96.1,17,No,No,Standard,353.2,0
G0412,Gold,5,1,73.3,18,Yes,Yes,Standard,60.0,0
G0413,None,1,2,79.8,13,Yes,No,Standard,60.0,0
G0414,Silver,0,2,76.2,16,No,Yes,Deluxe,364.1,0
G0415,Silver,1,3,67.1,18,Yes,No,Standard,60.0,0
G0416,None,1,3,84.0,14,Yes,Yes,Standard,195.3,0
G0417,Silver,4,4,58.1,21,No,No,Deluxe,882.5,0
G0418,Gold,3,3,73.6,16,No,Yes,Standard,324.5,0
G0419,None,0,6,77.9,13,No,No,Standard,498.9,0
G0420,None,1,4,95.9,17,Yes,No,Deluxe,634.1,0
G0421,Gold,4,2,77.5,15,No,Yes,Standard,174.8,0
G0422,Silver,4,3,90.5,13,No,No,Standard,222.4,0
G0423,Platinum,10,3,79.7,20,No,Yes,Deluxe,578.1,1
G0424,Silver,3,2,100.0,17,No,Yes,Standard,245.7,0
G0425,None,1,3,87.7,21,Yes,No,Deluxe,376.3,0
G0426,Gold,4,2,87.9,18,No,No,Deluxe,315.7,1
G0427,None,1,4,89.1,15,No,Yes,Standard,541.4,0
G0428,None,3,5,92.4,13,No,Yes,Standard,853.2,1
G0429,None,1,6,48.4,15,No,No,Standard,663.2,0
G0430,None,1,1,87.4,20,No,No,Standard,90.7,1
G0431,Silver,3,1,70.9,12,No,No,Deluxe,248.0,0
G0432,Gold,3,1,72.2,13,No,Yes,Standard,386.1,0
G0433,Silver,3,3,55.1,14,No,No,Standard,412.4,0
G0434,None,1,3,87.5,13,No,No,Standard,173.8,0
G0435,Silver,1,4,64.8,16,No,No,Deluxe,487.9,0
G0436,None,0,6,77.9,14,Yes,No,Standard,783.0,0
G0437,None,0,3,87.6,23,No,Yes,Standard,210.6,1
G0438,Gold,1,3,73.0,18,No,Yes,Standard,481.5,1
G0439,None,0,2,93.2,22,No,No,Standard,60.0,0
G0440,Platinum,6,2,70.8,17,No,Yes,Standard,585.3,1
G0441,None,1,4,70.5,17,No,Yes,Standard,574.7,0
G0442,Gold,5,4,85.3,14,No,No,Standard,573.2,1
G0443,None,0,3,78.9,18,Yes,Yes,Standard,320.0,0
G0444,None,1,6,66.8,16,No,Yes,Deluxe,800.9,0
G0445,None,0,5,75.9,18,No,No,Standard,617.8,0
G0446,None,0,6,77.0,22,No,No,Standard,788.8,0
G0447,Silver,0,3,88.0,18,No,Yes,Deluxe,411.9,0
G0448,None,1,1,82.1,18,No,Yes,Deluxe,387.6,0
G0449,None,1,2,100.0,19,No,No,Deluxe,158.9,0
G0450,Silver,0,2,100.0,20,No,Yes,Deluxe,504.8,0
G0451,None,0,3,59.1,21,Yes,No,Standard,374.8,0
G0452,Silver,5,5,66.8,17,No,No,Deluxe,746.0,1
G0453,None,1,3,63.4,19,No,Yes,Deluxe,656.4,0
G0454,None,0,4,89.2,19,Yes,Yes,Standard,541.4,0
G0455,Platinum,12,2,77.4,20,No,No,Standard,632.3,1
G0456,Gold,3,3,97.1,17,No,Yes,Standard,382.6,0
G0457,Silver,1,3,81.2,19,No,No,Standard,398.6,1
G0458,None,1,4,76.7,23,No,Yes,Standard,483.5,0
G0459,Silver,0,3,86.9,17,No,Yes,Standard,391.8,0
G0460,Platinum,10,4,65.0,15,No,Yes,Deluxe,1094.2,1
G0461,Gold,5,3,73.2,16,Yes,No,Standard,536.9,0
G0462,None,1,1,65.8,19,No,Yes,Standard,60.0,0
G0463,Gold,3,2,42.0,20,No,Yes,Deluxe,410.7,1
G0464,None,1,4,95.3,13,No,Yes,Deluxe,773.7,0
G0465,Silver,3,1,67.3,15,No,Yes,Standard,484.8,1
G0466,None,1,1,63.1,22,No,Yes,Standard,337.5,0
G0467,None,0,3,69.1,13,Yes,No,Deluxe,553.8,0
G0468,None,0,3,76.8,19,No,No,Standard,486.0,1
G0469,None,1,2,73.5,11,No,Yes,Deluxe,424.0,0
G0470,Silver,3,4,92.9,22,No,Yes,Standard,550.7,0
G0471,Gold,4,1,100.0,13,No,Yes,Standard,79.2,0
G0472,None,0,4,97.0,22,No,Yes,Deluxe,694.7,0
G0473,None,2,6,75.0,23,No,Yes,Standard,813.7,0
G0474,Silver,1,3,75.6,15,No,No,Standard,339.9,1
G0475,Gold,3,3,77.9,13,No,Yes,Standard,268.1,0
G0476,Gold,5,3,72.9,19,No,Yes,Deluxe,818.3,1
G0477,None,1,4,75.3,20,No,No,Standard,630.6,0
G0478,Gold,5,5,92.4,19,No,Yes,Standard,737.0,0
G0479,None,1,2,45.5,20,No,Yes,Standard,219.7,0
G0480,None,0,3,89.8,18,Yes,Yes,Standard,337.5,0
G0481,Silver,2,1,63.6,20,No,No,Deluxe,366.0,0
G0482,Platinum,13,3,88.3,19,No,Yes,Deluxe,909.7,1
G0483,Platinum,9,4,94.8,18,No,Yes,Deluxe,962.6,0
G0484,None,1,2,100.0,23,Yes,No,Standard,315.9,0
G0485,Silver,5,3,76.6,21,No,No,Deluxe,843.7,0
G0486,Silver,2,6,87.8,11,No,Yes,Deluxe,1009.5,0
G0487,None,1,4,91.8,10,No,Yes,Standard,472.2,0
G0488,Platinum,7,2,58.4,19,Yes,No,Deluxe,548.3,1
G0489,None,0,4,82.7,18,No,Yes,Standard,570.8,1
G0490,None,1,2,60.5,16,No,No,Standard,136.3,0
G0491,None,1,2,89.4,16,Yes,No,Standard,202.2,0
G0492,Gold,4,2,100.0,14,No,No,Deluxe,391.1,0
G0493,Gold,4,2,83.1,18,No,Yes,Standard,325.0,0
G0494,None,1,3,83.8,16,Yes,No,Deluxe,351.0,0
G0495,Gold,2,5,100.0,21,No,Yes,Standard,690.5,0
G0496,None,0,4,82.2,18,No,Yes,Deluxe,698.1,0
G0497,None,0,3,93.1,14,No,Yes,Standard,420.5,0
G0498,None,0,3,62.4,19,No,Yes,Deluxe,408.0,0
G0499,None,1,3,65.3,18,Yes,Yes,Deluxe,501.9,0
G0500,None,0,3,92.6,22,No,Yes,Standard,337.5,0
G0501,Platinum,4,2,60.3,18,No,Yes,Standard,165.2,1
G0502,None,2,4,85.7,15,No,Yes,Deluxe,719.9,0
G0503,None,0,5,64.8,23,No,No,Deluxe,760.1,1
G0504,None,2,4,84.8,18,No,Yes,Deluxe,631.9,0
G0505,Gold,6,3,82.9,20,No,No,Standard,732.0,1
G0506,None,1,2,83.4,16,No,Yes,Standard,322.7,0
G0507,None,2,3,61.8,10,No,Yes,Standard,609.8,0
G0508,None,0,3,87.8,14,No,No,Deluxe,521.7,0
G0509,None,1,3,96.8,18,Yes,Yes,Standard,424.7,0
G0510,None,0,3,76.1,18,No,Yes,Standard,181.8,0
G0511,None,1,5,75.4,18,No,Yes,Standard,548.3,1
G0512,Platinum,11,2,66.1,18,No,Yes,Standard,617.6,1
G0513,Silver,3,3,90.3,17,No,No,Deluxe,449.8,0
G0514,None,0,4,73.2,19,Yes,No,Standard,404.0,0
G0515,None,0,4,74.7,14,No,Yes,Standard,264.0,0
G0516,None,1,2,79.5,16,No,No,Standard,60.0,0
G0517,Gold,4,4,75.6,10,No,No,Standard,629.0,0
G0518,Platinum,8,1,49.9,18,No,Yes,Deluxe,710.8,1
G0519,Gold,4,3,84.5,17,No,No,Standard,476.8,0
G0520,Platinum,10,2,61.3,16,No,Yes,Standard,535.3,1
G0521,None,2,2,99.7,23,No,Yes,Standard,262.4,0
G0522,None,0,2,88.8,20,No,Yes,Standard,109.9,0
G0523,None,0,6,68.2,18,No,Yes,Standard,650.3,0
G0524,Silver,2,2,69.4,13,No,No,Deluxe,357.0,1
G0525,None,1,3,77.2,14,No,Yes,Deluxe,542.8,0
G0526,Silver,5,3,77.6,17,No,Yes,Standard,487.5,0
G0527,None,2,1,100.0,16,No,Yes,Standard,86.9,0
G0528,None,0,5,92.7,16,No,Yes,Deluxe,712.9,1
G0529,Gold,5,3,45.7,17,No,Yes,Standard,803.2,1
G0530,None,4,2,69.2,12,No,Yes,Standard,385.6,1
G0531,None,2,2,100.0,20,No,No,Standard,445.3,1
G0532,None,0,3,85.7,20,No,Yes,Standard,385.7,0
G0533,Silver,4,2,75.6,23,No,Yes,Standard,412.3,1
G0534,None,1,4,82.7,17,No,Yes,Standard,287.3,0
G0535,Silver,2,3,87.0,14,Yes,Yes,Standard,338.4,0
G0536,None,2,4,66.8,15,No,Yes,Deluxe,654.5,0
G0537,Silver,3,3,71.1,15,No,Yes,Deluxe,664.7,0
G0538,None,2,4,81.9,14,No,Yes,Deluxe,653.4,0
G0539,Silver,1,3,63.2,22,Yes,Yes,Standard,311.1,0
G0540,Silver,4,2,68.8,17,No,Yes,Deluxe,678.5,1
G0541,Silver,2,3,85.2,21,No,No,Standard,477.0,0
G0542,Silver,0,5,65.3,14,No,Yes,Standard,412.9,1
G0543,None,0,3,89.8,17,No,Yes,Deluxe,423.0,0
G0544,None,0,4,49.9,11,No,No,Standard,456.8,0
G0545,None,1,1,87.9,11,Yes,Yes,Standard,60.0,0
G0546,Silver,0,4,85.1,17,No,Yes,Standard,303.5,0
G0547,Platinum,7,5,68.6,17,No,Yes,Standard,854.2,1
G0548,None,0,2,83.1,19,No,No,Standard,113.1,0
G0549,None,1,5,75.3,20,No,Yes,Standard,472.8,0
G0550,None,0,3,68.7,17,Yes,Yes,Standard,452.7,0
G0551,Silver,4,1,87.8,13,No,Yes,Deluxe,281.1,0
G0552,None,0,1,79.5,17,No,Yes,Standard,231.1,0
G0553,None,2,1,69.4,21,No,Yes,Standard,60.0,0
G0554,None,1,3,81.2,17,No,No,Standard,288.1,0
G0555,None,1,4,81.0,13,No,Yes,Standard,448.8,0
G0556,None,1,5,87.6,23,No,Yes,Standard,610.7,0
G0557,Silver,2,3,100.0,17,Yes,No,Standard,224.3,0
G0558,Gold,8,3,79.1,16,No,Yes,Deluxe,847.5,1
G0559,None,1,4,100.0,16,No,No,Standard,546.2,0
G0560,None,2,5,72.7,21,Yes,Yes,Standard,696.1,0
G0561,None,0,3,61.9,21,No,No,Standard,200.4,0
G0562,Gold,3,2,74.4,17,No,Yes,Standard,397.3,0
G0563,None,2,3,63.8,14,Yes,No,Deluxe,490.9,0
G0564,Platinum,5,3,91.7,16,No,Yes,Standard,390.6,1
G0565,None,1,3,46.2,18,Yes,No,Standard,355.9,0
G0566,None,1,5,98.5,23,No,Yes,Deluxe,574.8,0
G0567,None,1,6,68.3,14,No,No,Deluxe,733.2,0
G0568,None,1,3,59.0,17,No,Yes,Standard,359.5,0
G0569,Silver,0,1,86.6,15,No,No,Standard,309.2,0
G0570,Silver,2,3,68.8,16,Yes,Yes,Standard,593.8,0
G0571,None,1,2,60.3,23,No,No,Standard,207.1,0
G0572,Silver,2,1,79.7,19,No,No,Standard,505.0,0
G0573,Platinum,9,5,77.9,16,No,Yes,Standard,1040.5,1
G0574,Platinum,7,4,54.4,22,No,Yes,Deluxe,799.5,1
G0575,Silver,1,3,74.3,17,No,Yes,Standard,517.4,0
G0576,Silver,2,2,75.9,22,No,Yes,Standard,255.6,0
G0577,None,1,3,91.3,13,No,Yes,Deluxe,679.1,1
G0578,Gold,4,2,74.2,20,No,Yes,Deluxe,308.3,0
G0579,None,0,5,85.2,15,No,Yes,Standard,607.9,0
G0580,Silver,3,4,72.9,19,No,No,Standard,348.8,0
G0581,Gold,3,2,66.2,18,No,Yes,Standard,515.8,1
G0582,Gold,8,3,75.8,20,No,No,Standard,837.8,0
G0583,Platinum,8,1,88.7,16,No,No,Standard,319.0,0
G0584,Gold,4,1,98.8,19,No,No,Deluxe,513.2,0
G0585,None,0,2,63.8,15,No,No,Standard,198.8,0
G0586,None,1,2,80.8,19,Yes,Yes,Standard,182.8,0
G0587,Silver,1,5,58.7,13,No,Yes,Deluxe,788.3,0
G0588,None,0,2,98.0,16,No,Yes,Standard,85.5,0
G0589,Silver,1,7,82.9,21,Yes,Yes,Deluxe,1006.3,0
G0590,None,1,3,64.8,16,Yes,Yes,Deluxe,515.9,1
G0591,Silver,0,5,77.5,11,No,Yes,Standard,453.2,0
G0592,Silver,0,3,75.7,14,No,Yes,Deluxe,402.1,0
G0593,Silver,2,2,62.9,17,No,Yes,Standard,454.7,0
G0594,None,0,1,80.0,16,No,No,Standard,67.4,0
G0595,Gold,3,2,66.2,11,No,Yes,Deluxe,381.7,0
G0596,Silver,4,5,97.4,16,Yes,Yes,Standard,838.0,0
G0597,Gold,3,3,70.5,17,No,No,Standard,471.4,0
G0598,Platinum,7,5,90.8,22,No,No,Standard,815.6,1
G0599,Silver,3,3,58.7,17,No,Yes,Deluxe,695.7,0
G0600,Gold,2,4,100.0,20,No,No,Standard,708.2,0
G0601,None,1,1,63.0,17,Yes,Yes,Standard,133.5,0
G0602,None,2,3,79.3,21,No,Yes,Standard,565.7,0
G0603,Gold,8,3,76.9,23,Yes,No,Standard,560.8,0
G0604,Platinum,9,2,79.0,15,No,Yes,Standard,516.7,1
G0605,None,0,5,87.6,17,No,Yes,Standard,336.1,0
G0606,None,0,4,74.4,20,No,Yes,Standard,418.8,0
G0607,None,1,3,62.4,17,No,Yes,Standard,562.2,0
G0608,Silver,1,4,99.0,19,No,Yes,Standard,455.9,0
G0609,Silver,2,4,75.9,20,Yes,No,Standard,404.8,0
G0610,Platinum,7,4,87.1,19,No,Yes,Standard,628.4,1
G0611,None,0,1,85.9,20,No,No,Standard,60.0,0
G0612,None,0,2,59.4,14,No,No,Standard,295.0,0
G0613,None,2,5,69.4,20,No,Yes,Standard,748.3,1
G0614,Silver,3,2,68.5,14,No,Yes,Standard,279.3,1
G0615,Silver,1,1,100.0,17,No,Yes,Standard,60.0,0
G0616,Gold,3,3,63.6,17,No,Yes,Standard,425.5,0
G0617,None,1,5,83.4,17,No,No,Deluxe,816.4,0
G0618,None,2,1,100.0,20,No,Yes,Deluxe,304.0,0
G0619,Silver,0,2,82.8,16,No,Yes,Standard,60.0,0
G0620,None,1,1,93.5,17,No,Yes,Standard,60.0,0
G0621,Platinum,7,2,67.6,13,No,No,Standard,459.2,1
G0622,None,0,3,65.5,17,No,Yes,Standard,183.0,0
G0623,Silver,1,4,75.3,15,No,No,Deluxe,658.2,0
G0624,None,0,4,89.2,15,No,Yes,Standard,660.0,0
G0625,Platinum,15,5,87.7,21,No,Yes,Standard,868.5,1
G0626,Silver,5,1,69.8,17,No,Yes,Standard,209.1,1
G0627,Platinum,8,6,79.7,21,No,No,Standard,1098.3,1
G0628,Gold,3,2,46.6,14,Yes,Yes,Standard,462.8,0
G0629,None,2,1,89.8,16,No,Yes,Deluxe,169.1,0
G0630,None,0,3,51.6,12,No,Yes,Deluxe,302.5,0
G0631,Silver,1,5,100.0,18,No,Yes,Standard,564.2,0
G0632,None,1,6,98.0,18,No,Yes,Deluxe,1070.3,0
G0633,Silver,4,1,62.3,21,No,Yes,Deluxe,531.3,0
G0634,Silver,3,7,84.1,16,No,Yes,Deluxe,914.1,0
G0635,None,1,3,86.2,12,Yes,Yes,Deluxe,426.8,0
G0636,Gold,6,3,45.8,19,No,Yes,Deluxe,691.7,1
G0637,Gold,7,3,74.7,16,No,Yes,Standard,797.4,0
G0638,None,0,5,78.3,22,No,No,Standard,388.8,0
G0639,None,1,2,86.0,20,No,Yes,Standard,203.0,0
G0640,Silver,3,6,58.2,19,No,Yes,Standard,815.8,0
G0641,Silver,4,4,73.1,23,No,No,Standard,569.9,0
G0642,None,1,4,68.2,14,No,Yes,Deluxe,588.7,0
G0643,Silver,4,2,99.8,20,No,Yes,Standard,198.2,0
G0644,Platinum,11,3,65.3,14,No,No,Standard,805.5,1
G0645,Gold,7,6,54.4,14,Yes,Yes,Standard,849.6,1
G0646,Gold,10,1,69.3,20,No,Yes,Standard,421.7,1
G0647,Gold,1,3,74.8,16,No,No,Deluxe,626.6,0
G0648,None,0,4,61.4,17,No,Yes,Deluxe,472.5,1
G0649,Silver,1,2,75.6,21,Yes,No,Standard,166.0,0
G0650,Silver,1,1,53.6,15,No,No,Standard,283.9,0
G0651,Platinum,10,1,84.3,19,No,Yes,Standard,468.4,1
G0652,None,1,2,81.4,18,No,No,Deluxe,245.7,0
G0653,None,2,3,92.4,13,No,Yes,Standard,450.7,0
G0654,Gold,3,3,67.0,20,No,Yes,Deluxe,354.2,0
G0655,Platinum,7,4,92.8,20,Yes,Yes,Standard,582.8,1
G0656,Silver,1,2,83.5,22,No,No,Standard,141.7,0
G0657,Gold,4,3,67.4,18,No,No,Deluxe,537.6,0
G0658,None,1,2,76.1,17,No,Yes,Standard,304.8,0
G0659,None,1,3,77.8,13,No,Yes,Standard,534.9,0
G0660,Platinum,10,4,75.9,17,No,No,Standard,761.2,0
G0661,Silver,6,2,91.0,16,Yes,Yes,Standard,460.0,1
G0662,Platinum,11,3,95.5,18,Yes,No,Standard,558.0,1
G0663,None,0,3,67.2,17,No,No,Standard,455.3,0
G0664,None,0,2,64.6,20,Yes,No,Standard,262.4,0
G0665,None,1,3,72.1,15,No,Yes,Deluxe,568.9,1
G0666,Silver,3,8,69.4,21,No,Yes,Deluxe,1280.6,0
G0667,Silver,4,3,94.4,11,Yes,Yes,Standard,437.9,0
G0668,None,0,6,77.8,20,No,No,Standard,538.6,0
G0669,None,0,3,58.6,16,No,No,Deluxe,536.3,1
G0670,Platinum,5,3,90.3,15,Yes,Yes,Standard,491.5,0
G0671,Silver,1,4,93.9,15,No,Yes,Standard,469.9,0
G0672,None,2,4,70.6,18,No,No,Standard,519.5,0
G0673,Gold,7,4,94.0,15,Yes,No,Deluxe,937.9,0
G0674,Silver,1,2,94.0,19,Yes,Yes,Deluxe,262.9,0
G0675,None,0,2,69.5,15,No,No,Deluxe,526.5,0
G0676,None,0,3,62.5,18,No,Yes,Standard,178.8,0
G0677,None,0,1,100.0,17,No,Yes,Deluxe,106.9,0
G0678,None,0,1,89.2,16,Yes,No,Standard,64.2,0
G0679,None,1,4,64.8,21,No,Yes,Standard,331.6,0
G0680,Platinum,9,2,74.3,12,No,Yes,Standard,465.2,1
G0681,Silver,1,2,71.6,23,Yes,Yes,Standard,115.1,0
G0682,None,2,3,96.9,16,Yes,No,Standard,460.8,0
G0683,Gold,2,6,82.9,19,No,Yes,Standard,780.7,0
G0684,None,0,3,72.8,11,No,No,Standard,281.4,0
G0685,Silver,3,3,81.3,18,No,Yes,Deluxe,321.2,1
G0686,Silver,4,5,77.4,16,Yes,Yes,Deluxe,644.6,0
G0687,Silver,1,2,74.6,17,No,Yes,Deluxe,567.6,1
G0688,Platinum,9,3,78.3,20,No,No,Standard,521.8,0
G0689,Silver,0,2,57.2,19,No,Yes,Standard,194.8,0
G0690,Gold,4,3,77.4,15,Yes,No,Standard,272.8,0
G0691,None,0,5,73.8,15,No,Yes,Standard,438.8,0
G0692,Silver,2,5,59.4,18,No,Yes,Standard,579.7,0
G0693,Silver,3,4,87.1,16,No,No,Standard,635.4,0
G0694,None,2,3,70.2,18,Yes,Yes,Standard,483.4,0
G0695,Gold,3,1,55.4,14,No,Yes,Standard,428.5,0
G0696,Silver,2,5,74.3,16,No,Yes,Deluxe,695.0,0
G0697,None,1,3,88.3,12,No,No,Deluxe,458.2,0
G0698,Silver,3,2,53.4,15,Yes,No,Deluxe,357.5,1
G0699,None,0,4,97.5,18,No,Yes,Deluxe,427.7,0
G0700,Gold,6,4,90.8,21,Yes,Yes,Deluxe,738.9,1
G0701,Gold,8,4,100.0,17,No,Yes,Standard,689.4,1
G0702,Gold,6,2,97.7,16,No,Yes,Standard,418.7,0
G0703,None,0,3,74.0,18,No,Yes,Standard,296.5,0
G0704,None,1,4,77.5,14,Yes,No,Standard,377.1,0
G0705,None,0,5,76.8,18,No,Yes,Standard,488.0,0
G0706,Silver,2,5,74.9,12,No,Yes,Standard,677.9,0
G0707,None,0,4,71.2,16,No,No,Standard,471.4,0
G0708,Platinum,10,2,87.0,18,No,No,Standard,551.3,1
G0709,Silver,0,4,77.8,19,No,Yes,Standard,578.1,0
G0710,None,2,3,68.7,21,No,Yes,Standard,229.3,0
G0711,None,2,3,70.8,20,Yes,No,Standard,274.0,0
G0712,Gold,2,3,83.4,17,No,Yes,Standard,414.9,0
G0713,Silver,3,7,66.8,18,No,Yes,Deluxe,1123.9,1
G0714,None,1,6,58.3,17,No,No,Standard,622.1,0
G0715,None,0,4,71.5,16,No,No,Standard,259.9,0
G0716,None,1,2,81.1,15,No,No,Deluxe,408.7,1
G0717,Silver,5,4,74.9,21,No,Yes,Standard,616.3,0
G0718,Silver,2,4,61.7,18,No,Yes,Deluxe,546.3,0
G0719,Gold,7,6,92.5,15,Yes,No,Standard,792.6,0
G0720,Gold,5,2,69.4,19,Yes,Yes,Standard,275.8,0
G0721,None,1,3,60.6,18,Yes,Yes,Standard,395.7,1
G0722,Gold,7,3,81.6,16,No,Yes,Standard,584.7,0
G0723,None,0,1,71.6,12,Yes,No,Standard,60.0,0
G0724,None,0,3,66.5,18,No,No,Standard,243.7,0
G0725,None,1,3,73.9,18,No,Yes,Deluxe,711.6,0
G0726,None,0,1,94.2,22,No,Yes,Deluxe,322.0,0
G0727,None,1,3,100.0,20,No,No,Deluxe,327.5,0
G0728,None,1,7,80.5,17,No,No,Standard,760.4,0
G0729,None,3,4,91.6,17,No,Yes,Standard,446.1,0
G0730,None,1,5,83.3,15,Yes,Yes,Standard,540.1,0
G0731,Gold,1,2,73.0,15,No,No,Deluxe,560.2,1
G0732,Silver,0,3,64.8,18,No,Yes,Standard,258.9,1
G0733,None,0,4,69.2,15,No,No,Deluxe,663.0,1
G0734,None,2,5,79.6,18,No,Yes,Deluxe,808.8,0
G0735,None,1,2,82.3,16,No,Yes,Deluxe,376.5,0
G0736,Silver,0,1,53.5,14,No,No,Standard,125.5,0
G0737,None,0,3,72.7,15,No,Yes,Standard,246.7,0
G0738,None,2,4,63.6,13,Yes,Yes,Standard,299.2,0
G0739,None,1,2,76.9,22,No,Yes,Deluxe,489.2,1
G0740,Platinum,5,2,84.3,18,Yes,No,Standard,407.4,1
G0741,None,1,2,66.0,22,No,Yes,Standard,210.8,0
G0742,None,0,3,99.9,15,No,No,Standard,324.8,0
G0743,Silver,1,4,89.3,15,No,No,Deluxe,630.1,0
G0744,Gold,5,4,95.9,21,No,Yes,Standard,467.5,0
G0745,Gold,8,1,77.4,17,No,No,Standard,512.6,1
G0746,None,1,3,78.4,15,No,Yes,Standard,513.4,1
G0747,Silver,2,2,55.7,19,Yes,Yes,Standard,203.9,0
G0748,None,0,2,56.2,15,No,Yes,Standard,206.7,0
G0749,None,0,5,85.0,17,No,No,Standard,465.6,0
G0750,None,0,3,62.7,11,No,Yes,Deluxe,425.1,0
G0751,None,2,2,69.3,21,No,No,Standard,99.4,1
G0752,Silver,1,3,79.0,21,No,Yes,Standard,490.4,1
G0753,Silver,3,3,49.4,15,No,No,Standard,743.2,1
G0754,None,2,2,61.8,17,No,Yes,Standard,321.3,1
G0755,None,0,2,99.2,11,No,Yes,Standard,60.0,0
G0756,None,2,3,94.7,19,No,Yes,Deluxe,454.0,0
G0757,None,0,3,85.3,13,No,No,Standard,137.0,0
G0758,None,0,5,64.7,16,No,Yes,Standard,618.7,0
G0759,Silver,0,1,90.0,14,No,Yes,Standard,173.0,0
G0760,Platinum,13,2,73.0,17,No,Yes,Standard,693.6,1
G0761,None,0,5,84.2,15,Yes,Yes,Standard,461.2,0
G0762,None,1,3,83.3,18,No,Yes,Standard,345.3,0
G0763,None,1,2,88.0,21,Yes,No,Standard,293.2,0
G0764,None,0,4,88.0,11,No,Yes,Standard,419.9,0
G0765,None,1,1,79.2,15,No,Yes,Deluxe,390.8,0
G0766,Silver,0,3,67.1,18,No,No,Deluxe,499.7,0
G0767,Silver,3,2,64.8,15,No,Yes,Deluxe,467.2,0
G0768,None,0,2,93.7,15,No,Yes,Deluxe,60.0,0
G0769,Platinum,9,2,73.9,23,No,Yes,Standard,342.3,0
G0770,Platinum,3,4,54.9,15,No,Yes,Deluxe,907.0,1
G0771,Gold,4,5,89.6,19,Yes,Yes,Standard,583.0,0
G0772,Gold,3,4,66.1,18,No,No,Standard,395.3,1
G0773,Gold,5,4,100.0,22,No,Yes,Deluxe,498.4,1
G0774,None,0,2,68.6,20,No,Yes,Standard,186.1,0
G0775,None,2,3,62.6,23,Yes,Yes,Standard,240.1,0
G0776,None,2,3,88.8,19,No,Yes,Standard,601.5,0
G0777,Gold,6,4,93.1,18,No,No,Deluxe,726.8,1
G0778,None,0,3,68.8,12,No,Yes,Deluxe,510.2,0
G0779,Platinum,4,2,85.0,14,No,No,Deluxe,537.2,0
G0780,Platinum,8,2,74.0,20,No,Yes,Deluxe,758.0,1
G0781,Silver,2,2,97.1,17,No,Yes,Deluxe,670.9,1
G0782,Silver,2,6,76.2,18,No,Yes,Standard,696.1,0
G0783,None,1,2,78.3,14,No,Yes,Standard,203.1,0
G0784,Platinum,8,5,72.9,16,No,Yes,Standard,580.6,1
G0785,Gold,8,2,61.1,16,No,Yes,Standard,284.4,0
G0786,Gold,2,4,82.5,18,No,Yes,Standard,559.4,1
G0787,None,0,5,58.7,17,No,No,Standard,346.8,0
G0788,None,0,3,59.0,16,No,Yes,Deluxe,407.5,0
G0789,Silver,0,3,84.0,17,No,Yes,Standard,87.0,0
G0790,Gold,4,3,82.3,16,No,No,Deluxe,460.2,0
G0791,Silver,3,2,76.9,18,No,Yes,Standard,347.9,1
G0792,None,0,3,63.1,19,No,No,Standard,346.9,0
G0793,None,1,3,84.0,11,No,No,Standard,316.7,0
G0794,Platinum,6,2,69.8,21,No,No,Standard,499.0,1
G0795,Gold,5,2,96.0,18,No,No,Standard,501.6,0
G0796,Gold,6,7,76.8,23,No,Yes,Deluxe,1043.3,0
G0797,None,0,1,93.0,17,No,Yes,Standard,304.7,0
G0798,Gold,3,2,74.9,13,No,Yes,Standard,371.2,0
G0799,Silver,4,3,65.4,17,No,No,Deluxe,697.1,0
G0800,None,0,2,76.3,17,Yes,No,Standard,92.7,0
G0801,None,2,1,60.6,19,No,Yes,Standard,190.3,1
G0802,Gold,11,3,70.8,14,No,Yes,Deluxe,728.1,1
G0803,None,1,2,52.0,18,No,Yes,Standard,314.8,0
G0804,None,2,3,84.8,19,No,Yes,Standard,484.2,0
G0805,None,0,3,82.6,16,No,No,Standard,141.7,0
G0806,Platinum,6,6,81.8,22,No,Yes,Deluxe,1153.7,1
G0807,None,1,3,62.7,12,No,Yes,Standard,603.6,1
G0808,None,1,1,73.2,17,No,Yes,Standard,99.5,0
G0809,None,2,3,87.9,21,No,Yes,Standard,463.0,0
G0810,None,1,4,89.6,14,Yes,Yes,Deluxe,673.1,0
G0811,Gold,1,2,73.4,15,Yes,Yes,Standard,381.9,0
G0812,None,1,2,59.1,16,Yes,No,Standard,60.0,0
G0813,None,1,1,62.0,20,No,No,Standard,264.3,0
G0814,None,1,2,79.0,18,Yes,Yes,Standard,249.8,0
G0815,None,0,6,61.1,14,No,No,Standard,690.0,0
G0816,None,0,2,74.7,16,No,No,Standard,117.4,0
G0817,None,0,2,74.6,21,Yes,No,Standard,60.0,0
G0818,Platinum,8,3,59.7,12,No,No,Deluxe,673.5,1
G0819,Silver,1,2,93.4,21,Yes,No,Deluxe,275.9,0
G0820,None,2,2,76.9,17,No,Yes,Standard,189.4,0
G0821,Platinum,5,5,79.7,16,Yes,Yes,Deluxe,1032.8,1
G0822,Silver,0,2,72.0,15,Yes,No,Deluxe,244.5,0
G0823,Silver,4,3,58.6,19,No,Yes,Deluxe,682.8,1
G0824,None,0,2,87.2,13,No,Yes,Standard,60.0,0
G0825,None,1,4,100.0,18,No,Yes,Deluxe,475.0,1
G0826,Platinum,9,3,85.2,17,No,No,Deluxe,716.7,1
G0827,None,3,3,75.6,16,No,Yes,Deluxe,604.9,0
G0828,None,0,3,56.0,19,No,Yes,Standard,167.3,1
G0829,None,0,3,57.6,12,No,Yes,Standard,243.2,0
G0830,Silver,0,6,61.9,16,No,Yes,Deluxe,746.4,1
G0831,None,1,3,79.3,19,No,Yes,Standard,198.7,0
G0832,Gold,6,2,70.9,18,No,Yes,Deluxe,754.4,1
G0833,None,0,2,81.5,19,No,No,Standard,98.9,0
G0834,Silver,1,3,87.0,14,No,Yes,Standard,129.8,0
G0835,Silver,0,3,99.3,18,No,Yes,Standard,378.4,0
G0836,Gold,4,2,87.3,19,No,Yes,Deluxe,365.3,0
G0837,None,0,1,70.1,14,No,No,Standard,180.7,0
G0838,Silver,1,2,79.4,18,No,Yes,Standard,150.1,0
G0839,Platinum,5,3,71.6,15,No,Yes,Standard,701.6,1
G0840,None,0,3,69.4,17,No,Yes,Standard,61.7,0
G0841,Silver,2,3,92.1,16,No,Yes,Deluxe,506.4,0
G0842,Platinum,4,2,86.6,19,No,Yes,Standard,294.1,0
G0843,Gold,6,3,73.8,20,Yes,Yes,Standard,569.8,0
G0844,None,0,5,93.8,19,Yes,No,Standard,531.5,0
G0845,None,0,5,90.2,16,No,Yes,Standard,573.9,0
G0846,Gold,3,2,69.1,16,No,Yes,Standard,496.9,0
G0847,Platinum,11,4,94.7,15,No,Yes,Standard,821.9,1
G0848,None,2,3,71.8,16,No,Yes,Standard,166.1,0
G0849,Gold,2,2,63.2,21,No,No,Standard,172.0,1
G0850,Gold,5,2,82.9,13,No,No,Standard,312.8,1
G0851,None,1,4,74.4,17,No,Yes,Standard,248.7,1
G0852,None,0,1,92.5,21,No,Yes,Deluxe,375.7,0
G0853,Silver,4,4,79.2,13,No,No,Standard,496.1,0
G0854,None,1,2,72.6,23,No,No,Standard,294.9,0
G0855,Silver,0,6,88.8,20,No,Yes,Standard,618.8,0
G0856,None,1,3,80.6,21,No,No,Deluxe,388.8,0
G0857,None,1,4,100.0,16,Yes,Yes,Standard,607.1,0
G0858,Gold,4,2,70.0,19,No,Yes,Standard,417.1,1
G0859,None,0,3,93.0,23,No,No,Deluxe,509.6,1
G0860,Silver,1,1,77.1,15,No,Yes,Standard,60.0,0
G0861,None,0,2,63.7,15,No,Yes,Standard,218.9,0
G0862,None,1,3,74.6,14,Yes,Yes,Standard,285.9,0
G0863,None,0,1,82.7,22,Yes,Yes,Standard,60.0,0
G0864,None,0,4,91.9,14,No,No,Deluxe,552.0,0
G0865,None,2,2,66.0,19,No,Yes,Deluxe,612.1,0
G0866,None,0,3,61.5,15,No,Yes,Standard,257.0,0
G0867,Silver,0,2,60.8,16,No,Yes,Standard,109.4,0
G0868,None,3,5,57.7,13,Yes,Yes,Standard,817.9,0
G0869,None,1,3,99.2,14,Yes,Yes,Standard,305.8,0
G0870,None,1,2,71.4,18,No,No,Deluxe,464.4,0
G0871,Gold,7,6,81.8,16,No,No,Standard,843.9,0
G0872,Gold,7,2,56.7,13,No,Yes,Deluxe,566.9,1
G0873,Gold,3,2,72.3,12,No,Yes,Standard,219.3,0
G0874,Silver,2,1,84.8,17,Yes,No,Deluxe,617.7,0
G0875,None,2,3,82.2,19,No,Yes,Standard,380.6,0
G0876,Gold,4,5,71.7,14,No,Yes,Standard,623.4,0
G0877,Silver,0,2,100.0,17,No,No,Standard,60.0,0
G0878,None,1,2,68.0,18,No,Yes,Standard,279.5,0
G0879,None,2,1,46.1,16,No,Yes,Standard,217.0,1
G0880,Platinum,7,5,65.7,12,No,No,Deluxe,920.2,1
G0881,Gold,7,3,94.5,17,No,Yes,Standard,479.8,1
G0882,Silver,2,1,70.4,15,No,Yes,Standard,60.0,0
G0883,Gold,5,4,64.1,13,No,Yes,Standard,646.1,1
G0884,Platinum,14,3,65.8,14,No,No,Standard,856.0,1
G0885,None,0,2,58.8,17,No,No,Deluxe,189.5,0
G0886,None,0,1,59.8,15,No,Yes,Standard,105.6,0
G0887,Silver,2,2,72.3,21,No,No,Deluxe,296.8,0
G0888,None,2,4,40.9,18,No,Yes,Deluxe,791.5,1
G0889,None,0,1,53.3,11,No,No,Standard,122.8,0
G0890,Gold,6,2,71.2,19,No,Yes,Standard,271.4,1
G0891,None,0,3,53.7,15,No,Yes,Standard,458.5,1
G0892,Gold,2,1,97.7,18,No,Yes,Standard,303.3,0
G0893,Gold,5,5,89.2,15,No,No,Deluxe,958.1,0
G0894,None,1,2,97.8,15,No,Yes,Standard,192.2,0
G0895,Silver,3,3,80.1,13,No,No,Standard,555.1,0
G0896,Silver,1,1,95.2,18,No,Yes,Deluxe,192.6,1
G0897,Silver,3,2,96.5,15,No,Yes,Standard,302.5,1
G0898,Silver,1,3,100.0,18,No,Yes,Deluxe,241.3,1
G0899,None,1,1,55.1,20,No,Yes,Standard,140.1,0
G0900,None,0,1,67.9,20,No,No,Standard,60.0,1
